Ans,Path,Date,str,str.1
TEST,TEST,TEST,TEST,TEST
成功,\\Sv05121a\e\C 作業台\RPA\試算表\承認待ち\18-R3.10 株式会社　岡崎プロダクション様試算表.pdf,2022-02-22 12:46:37.254555,,
成功,\\Sv05121a\e\C 作業台\RPA\試算表\承認待ち\18-R3.10 株式会社　岡崎プロダクション様試算表.pdf,2022-02-22 13:04:27.989523,,
入力社内コードと一致しません,0000,2022-02-23 01:01:21.175496,,
入力社内コードと一致しません,0000,2022-02-23 01:03:01.391015,,
入力社内コードと一致しません,0000,2022-02-23 01:04:53.165292,,
成功,//Sv05121a/e/C 作業台/RPA/試算表/承認待ち/499_藤本 光丞/18-株式会社 岡崎プロダクション\0018-R3.10 株式会社　岡崎プロダクション様試算表.pdf,2022-02-23 01:27:01.773801,,
成功,//Sv05121a/e/C 作業台/RPA/試算表/承認待ち/499_藤本 光丞/18-株式会社 岡崎プロダクション\18-R3.10 株式会社　岡崎プロダクション様試算表.pdf,2022-02-23 10:13:53.817169,,
成功,//Sv05121a/e/C 作業台/RPA/試算表/承認待ち/499_藤本 光丞/18-株式会社 岡崎プロダクション\18-R3.10 株式会社　岡崎プロダクション様試算表.pdf,2022-02-23 10:19:55.396153,,
成功,//Sv05121a/e/C 作業台/RPA/試算表/承認待ち/499_藤本 光丞/18-株式会社 岡崎プロダクション\18-R3.10 株式会社　岡崎プロダクション様試算表.pdf,2022-02-23 10:22:40.241600,,
成功,//Sv05121a/e/C 作業台/RPA/試算表/承認待ち/499_藤本 光丞/18-株式会社 岡崎プロダクション\18-R3.10 株式会社　岡崎プロダクション様試算表.pdf,2022-02-23 10:27:44.437025,,
成功,//Sv05121a/e/C 作業台/RPA/試算表/承認待ち/499_藤本 光丞/18-株式会社 岡崎プロダクション\18-R3.10 株式会社　岡崎プロダクション様試算表.pdf,2022-02-23 10:34:48.886220,,
成功,//Sv05121a/e/C 作業台/RPA/試算表/承認待ち/323_上畠 達也/19-有限会社 ファミリーライフ広島\19-R3.10 有限会社　ファミリーライフ広島様試算表.pdf,2022-02-23 10:36:39.094664,,
成功,//Sv05121a/e/C 作業台/RPA/試算表/承認待ち/499_藤本 光丞/18-株式会社 岡崎プロダクション\18-R3.10 株式会社　岡崎プロダクション様試算表.pdf,2022-02-23 10:48:22.482757,,
成功,//Sv05121a/e/C 作業台/RPA/試算表/承認待ち/499_藤本 光丞/18-株式会社 岡崎プロダクション\18-R3.10 株式会社　岡崎プロダクション様試算表.pdf,2022-02-23 11:10:08.889454,,
成功,//Sv05121a/e/C 作業台/RPA/試算表/承認待ち/499_藤本 光丞/18-株式会社 岡崎プロダクション\18-R3.10 株式会社　岡崎プロダクション様試算表.pdf,2022-02-23 11:17:55.503401,,
成功,//Sv05121a/e/C 作業台/RPA/試算表/承認待ち/499_藤本 光丞/18-株式会社 岡崎プロダクション\18-R3.10 株式会社　岡崎プロダクション様試算表.pdf,2022-02-23 11:34:47.237720,,
成功,//Sv05121a/e/C 作業台/RPA/試算表/承認待ち/499_藤本 光丞/18-株式会社 岡崎プロダクション\18-R3.10 株式会社　岡崎プロダクション様試算表.pdf,2022-02-23 11:39:23.006141,,
成功,//Sv05121a/e/C 作業台/RPA/試算表/承認待ち/499_藤本 光丞/18-株式会社 岡崎プロダクション\18-R3.10 株式会社　岡崎プロダクション様試算表.pdf,2022-02-23 11:45:41.897981,,
成功,//Sv05121a/e/C 作業台/RPA/試算表/承認待ち/323_上畠 達也/19-有限会社 ファミリーライフ広島\19-R3.10 有限会社　ファミリーライフ広島様試算表.pdf,2022-02-23 11:47:31.557014,,
成功,//Sv05121a/e/C 作業台/RPA/試算表/承認待ち/499_藤本 光丞/18-株式会社 岡崎プロダクション\18-R3.10 株式会社　岡崎プロダクション様試算表.pdf,2022-02-23 11:54:14.435572,,
成功,//Sv05121a/e/C 作業台/RPA/試算表/承認待ち/323_上畠 達也/19-有限会社 ファミリーライフ広島\19-R3.10 有限会社　ファミリーライフ広島様試算表.pdf,2022-02-23 11:56:14.401032,,
成功,//Sv05121a/e/C 作業台/RPA/試算表/承認待ち/499_藤本 光丞/18-株式会社 岡崎プロダクション\18-R3.10 株式会社　岡崎プロダクション様試算表.pdf,2022-02-23 12:00:46.570906,,
成功,//Sv05121a/e/C 作業台/RPA/試算表/承認待ち/323_上畠 達也/19-有限会社 ファミリーライフ広島\19-R3.10 有限会社　ファミリーライフ広島様試算表.pdf,2022-02-23 12:02:38.533004,,
成功,//Sv05121a/e/C 作業台/RPA/試算表/承認待ち/499_藤本 光丞/18-株式会社 岡崎プロダクション\18-R3.10 株式会社　岡崎プロダクション様試算表.pdf,2022-02-23 12:06:42.360536,,
成功,//Sv05121a/e/C 作業台/RPA/試算表/承認待ち/323_上畠 達也/19-有限会社 ファミリーライフ広島\19-R3.10 有限会社　ファミリーライフ広島様試算表.pdf,2022-02-23 12:08:32.151369,,
