"行","事務所コード","関与先コード","納税者(関与先)","決算月","申請・届出書類名","提出先","電子申請データ作成","電子署名(納税者)","電子署名(税理士)","送信","申請受付日時","即時通知","受信通知","送付書","提出期限","報告書","実践報告","監査担当者"
"1","5121","400","広島県建設労働組合　第七地域連合広島","12","異動届出書","税務署"," 4. 2.24(19:43)",,"完了","済"," 4. 2.25(11:08)","正常","正常",,,"○","－","安田　祥英"
"2","5121","966","株式会社　つかもと養蜂場","12","（地方）異動届","岩国市"," 4. 2. 2(12:09)",,"完了","済"," 4. 2.24(21:38)","正常","正常",,,"○","－","河野　秀太"
"3","5121","966","株式会社　つかもと養蜂場","12","（地方）異動届","山口県岩国県税事務所"," 4. 2. 2(12:09)",,"完了","済"," 4. 2.24(21:38)","正常","正常",,,"○","－","河野　秀太"
"4","5121","966","株式会社　つかもと養蜂場","12","給与支払事務所等の開設・移転・廃止届出書","税務署"," 4. 2. 2(12:09)",,"完了","済"," 4. 2.24(21:37)","正常","正常",,,"○","－","河野　秀太"
"5","5121","966","株式会社　つかもと養蜂場","12","異動届出書","税務署"," 4. 2. 2(12:09)",,"完了","済"," 4. 2.24(21:37)","正常","正常",,,"○","－","河野　秀太"
"6","5121","407","株式会社　Ｗｒｅａｔｈ＆Ｃｏ．","12","（地方）法人設立・設置届出書","広島市"," 4. 2.17(16:32)",,"完了","済"," 4. 2.24(21:28)","正常","正常",,,"○","－","奥谷　佐代子"
"7","5121","407","株式会社　Ｗｒｅａｔｈ＆Ｃｏ．","12","（地方）法人設立・設置届出書","広島県西部県税事務所（芸北）"," 4. 2.17(16:32)",,"完了","済"," 4. 2.24(21:28)","正常","正常",,,"○","－","奥谷　佐代子"
"8","5121","407","株式会社　Ｗｒｅａｔｈ＆Ｃｏ．","12","青色申告の承認申請書","税務署"," 4. 2.17(16:32)",,"完了","済"," 4. 2.24(21:01)","正常","正常",,,"○","－","奥谷　佐代子"
"9","5121","407","株式会社　Ｗｒｅａｔｈ＆Ｃｏ．","12","給与支払事務所等の開設・移転・廃止届出書","税務署"," 4. 2.17(16:32)",,"完了","済"," 4. 2.24(21:01)","正常","正常",,,"○","－","奥谷　佐代子"
"10","5121","407","株式会社　Ｗｒｅａｔｈ＆Ｃｏ．","12","法人設立届出書","税務署"," 4. 2.17(16:35)",,"完了","済"," 4. 2.24(21:01)","正常","正常",,,"○","－","奥谷　佐代子"
"11","5121","162","合同会社　天龍姫","7","源泉所得税の納期の特例の承認に関する申請書","税務署"," 4. 2.19(11:07)",,"完了","済"," 4. 2.24(20:50)","正常","正常",,,"○","－","三上　貴史"
"12","5121","096","株式会社　ゆまな","12","（地方）法人設立・設置届出書","広島市"," 4. 2.19(12:18)",,"完了","済"," 4. 2.24(20:40)","正常","正常",," 4. 4.12","○","－","安田　祥英"
"13","5121","096","株式会社　ゆまな","12","（地方）法人設立・設置届出書","広島県西部県税事務所（広島）"," 4. 2.19(12:18)",,"完了","済"," 4. 2.24(20:39)","正常","正常",," 4. 4.12","○","－","安田　祥英"
"14","5121","096","株式会社　ゆまな","12","源泉所得税の納期の特例の承認に関する申請書","税務署"," 4. 2.19(12:18)",,"完了","済"," 4. 2.24(20:39)","正常","正常",," 4. 4.12",,"－","安田　祥英"
"15","5121","096","株式会社　ゆまな","12","青色申告の承認申請書","税務署"," 4. 2.19(12:18)",,"完了","済"," 4. 2.24(20:39)","正常","正常",," 4. 4.12",,"－","安田　祥英"
"16","5121","096","株式会社　ゆまな","12","給与支払事務所等の開設・移転・廃止届出書","税務署"," 4. 2.19(12:18)",,"完了","済"," 4. 2.24(20:39)","正常","正常",," 4. 4.12",,"－","安田　祥英"
"17","5121","096","株式会社　ゆまな","12","法人設立届出書","税務署"," 4. 2.19(12:18)",,"完了","済"," 4. 2.24(20:39)","正常","正常",," 4. 4.12",,"－","安田　祥英"
"18","5121","510","株式会社　ガレージティーツー　　","11","消費税課税事業者届出書","税務署"," 4. 2.10(18:04)",,"完了","済"," 4. 2.12(16:16)","正常","正常",,,,"－","山内　龍輝"
"19","5121","906","三益物産　株式会社","4","（地方）異動届","三原市"," 4. 2. 4(20:28)",,"完了","済"," 4. 2. 9(19:43)","正常","正常",,,,"－","大神　浩央"
"20","5121","906","三益物産　株式会社","4","（地方）異動届","広島県東部県税事務所（尾三）"," 4. 2. 4(20:29)",,"完了","済"," 4. 2. 9(19:43)","正常","正常",,,,"－","大神　浩央"
"21","5121","907","サンセイフーズ企業組合","9","（地方）異動届","三原市"," 4. 2. 4(20:33)",,"完了","済"," 4. 2. 9(19:43)","正常","正常",,,,"－","大神　浩央"
"22","5121","907","サンセイフーズ企業組合","9","（地方）異動届","広島県東部県税事務所（尾三）"," 4. 2. 4(20:34)",,"完了","済"," 4. 2. 9(19:43)","正常","正常",,,,"－","大神　浩央"
"23","5121","906","三益物産　株式会社","4","異動届出書","税務署"," 4. 2. 8(19:18)",,"完了","済"," 4. 2. 9(19:43)","正常","正常",,,,"－","大神　浩央"
"24","5121","907","サンセイフーズ企業組合","9","異動届出書","税務署"," 4. 2. 8(19:19)",,"完了","済"," 4. 2. 9(19:42)","正常","正常",,,,"－","大神　浩央"
"25","5121","209","弁護士法人　リーガルジャパン","11","（金銭交付用）事前確定届出給与に関する届出書","税務署"," 4. 2. 7(12:43)",,"完了","済"," 4. 2. 8(16:04)","正常","正常",," 4. 2.28",,"－","山﨑　智之"
"26","5121","842","公益財団法人　メディックス・ハートサポート","3","（地方）異動届","広島市"," 4. 1.15(16:38)",,"完了","済"," 4. 1.31(11:24)","正常","正常",,,"○","－","河野　秀太"
"27","5121","842","公益財団法人　メディックス・ハートサポート","3","（地方）異動届","広島県西部県税事務所（広島）"," 4. 1.15(16:39)",,"完了","済"," 4. 1.31(11:24)","正常","正常",,,"○","－","河野　秀太"
"28","5121","842","公益財団法人　メディックス・ハートサポート","3","給与支払事務所等の開設・移転・廃止届出書","税務署"," 4. 1.15(16:39)",,"完了","済"," 4. 1.31(11:24)","正常","正常",,,"○","－","河野　秀太"
"29","5121","842","公益財団法人　メディックス・ハートサポート","3","異動届出書","税務署"," 4. 1.15(16:39)",,"完了","済"," 4. 1.31(11:24)","正常","正常",,,"○","－","河野　秀太"
"30","5121","958","株式会社　曙光","7","消費税課税期間特例選択不適用届出書","税務署"," 4. 1.29(14:38)",,"完了","済"," 4. 1.31(11:21)","正常","正常",,,"○","－","河野　秀太"
"31","5121","637","株式会社　美工業","11","（地方）法人設立・設置届出書","広島市"," 4. 1. 6(09:09)",,"完了","済"," 4. 1.31(11:20)","正常","正常",,,"○","－","川口　祐汰"
"32","5121","512","有限会社　はら建興","6","（地方）異動届","海田町"," 4. 1.17(09:10)",,"完了","済"," 4. 1.31(11:18)","正常","正常",,,,"－","河野　秀太"
"33","5121","637","株式会社　美工業","11","（地方）法人設立・設置届出書","広島県西部県税事務所（芸北）"," 4. 1. 6(09:09)",,"完了","済"," 4. 1.29(22:28)","正常","正常",,,"○","－","川口　祐汰"
"34","5121","512","有限会社　はら建興","6","（地方）異動届","広島県西部県税事務所（広島）"," 4. 1.17(09:10)",,"完了","済"," 4. 1.29(22:27)","正常","正常",,,"○","－","河野　秀太"
"35","5121","813","株式会社　ピース","10","（地方）異動届","広島市"," 4. 1.21(08:50)",,"完了","済"," 4. 1.29(22:27)","正常","正常",,,"○","－","佐々木　博也"
"36","5121","813","株式会社　ピース","10","（地方）異動届","広島県西部県税事務所（広島）"," 4. 1.21(08:50)",,"完了","済"," 4. 1.29(22:27)","正常","正常",,,"○","－","佐々木　博也"
"37","5121","637","株式会社　美工業","11","青色申告の承認申請書","税務署"," 4. 1. 6(09:09)",,"完了","済"," 4. 1.29(22:27)","正常","正常",,,"○","－","川口　祐汰"
"38","5121","637","株式会社　美工業","11","給与支払事務所等の開設・移転・廃止届出書","税務署"," 4. 1. 5(13:30)",,"完了","済"," 4. 1.29(22:27)","正常","正常",,,"○","－","川口　祐汰"
"39","5121","637","株式会社　美工業","11","法人設立届出書","税務署"," 4. 1. 6(09:10)",,"完了","済"," 4. 1.29(22:27)","正常","正常",,,"○","－","川口　祐汰"
"40","5121","549","株式会社　ケアメディック","11","消費税課税事業者届出書","税務署"," 4. 1.12(11:13)",,"完了","済"," 4. 1.29(22:27)","正常","正常",,,"○","－","増田　健司"
"41","5121","813","株式会社　ピース","10","給与支払事務所等の開設・移転・廃止届出書","税務署"," 4. 1.24(08:32)",,"完了","済"," 4. 1.29(22:27)","正常","正常",,,"○","－","佐々木　博也"
"42","5121","813","株式会社　ピース","10","異動届出書","税務署"," 4. 1.24(08:32)",,"完了","済"," 4. 1.29(22:27)","正常","正常",,,"○","－","佐々木　博也"
"43","5121","512","有限会社　はら建興","6","給与支払事務所等の開設・移転・廃止届出書","税務署"," 4. 1.17(09:10)",,"完了","済"," 4. 1.29(22:27)","正常","正常",,,"○","－","河野　秀太"
"44","5121","512","有限会社　はら建興","6","異動届出書","税務署"," 4. 1.17(09:10)",,"完了","済"," 4. 1.29(22:26)","正常","正常",,,"○","－","河野　秀太"
"45","5121","357","株式会社　Ｋｅｙ‐ｓｔｏｎｅ","10","棚卸資産の評価方法の届出書","税務署"," 4. 1.12(08:50)",,"完了","済"," 4. 1.29(16:44)","正常","正常",,,"○","－","佐々木　博也"
"46","5121","357","株式会社　Ｋｅｙ‐ｓｔｏｎｅ","10","減価償却資産の償却方法の届出書","税務署"," 4. 1.12(08:51)",,"完了","済"," 4. 1.29(16:44)","正常","正常",,,"○","－","佐々木　博也"
"47","5121","357","株式会社　Ｋｅｙ‐ｓｔｏｎｅ","10","源泉所得税の納期の特例の承認に関する申請書","税務署"," 4. 1.12(08:51)",,"完了","済"," 4. 1.29(16:44)","正常","正常",,,"○","－","佐々木　博也"
"48","5121","357","株式会社　Ｋｅｙ‐ｓｔｏｎｅ","10","給与支払事務所等の開設・移転・廃止届出書","税務署"," 4. 1.12(08:51)",,"完了","済"," 4. 1.29(16:44)","正常","正常",,,"○","－","佐々木　博也"
"49","5121","357","株式会社　Ｋｅｙ‐ｓｔｏｎｅ","10","青色申告の承認申請書","税務署"," 4. 1.12(08:51)",,"完了","済"," 4. 1.29(16:44)","正常","正常",,,"○","－","佐々木　博也"
"50","5121","357","株式会社　Ｋｅｙ‐ｓｔｏｎｅ","10","法人設立届出書","税務署"," 4. 1.12(08:51)",,"完了","済"," 4. 1.29(16:44)","正常","正常","有",,"○","－","佐々木　博也"
"51","15180","068","拓鉄工業","12","給与支払事務所等の開設・移転・廃止届出書","税務署"," 4. 1.19(08:48)",,"完了","済"," 4. 1.19(09:04)","正常","正常",,,,"－","山口　拓也"
"52","5121","154","株式会社　アール・イー","10","欠損金の繰戻しによる還付請求書","税務署"," 3.12.28(16:11)",,"完了","済"," 3.12.28(17:12)","正常","正常",," 3.12.28",,"－","胤森　和樹"
"53","15180","064","ｍａｒｑｕｉｓｅ","12","消費税簡易課税制度選択届出書","税務署"," 3.12.28(13:38)",,"完了","済"," 3.12.28(16:12)","正常","正常",,,"○","－","奥谷　佐代子"
"54","15180","064","ｍａｒｑｕｉｓｅ","12","消費税課税事業者届出書","税務署"," 3.12.28(13:38)",,"完了","済"," 3.12.28(16:12)","正常","正常","有",,"○","－","奥谷　佐代子"
"55","5121","934","岡田　翼",,"所得税・消費税の納税地の異動又は変更に関する届出書","税務署"," 3.12.24(14:32)",,"完了","済"," 3.12.28(14:40)","正常","正常",,,"○","－","飛垣内　恵美子"
"56","15180","737","渡辺　八栄子",,"消費税課税事業者届出書（相続・合併・分割等により提出する場合）","税務署"," 3.12.20(14:48)",,"完了","済"," 3.12.28(14:40)","正常","正常","有",,"○","－","飛垣内　恵美子"
"57","5121","961","株式会社　インテリアエム","12","消費税課税事業者届出書","税務署"," 3.12. 3(09:43)",,"完了","済"," 3.12.28(14:40)","正常","正常",,,"○","－","大神　浩央"
"58","99999","189","勇気鍼灸整骨院","12","消費税簡易課税制度選択届出書","税務署"," 3.12.27(17:40)",,"完了","済"," 3.12.28(14:40)","正常","正常",,,"○","－","河野　秀太"
"59","15180","740","ステラデンタルクリニック","12","青色事業専従者給与に関する届出・変更届出書","税務署"," 3.12.27(10:20)",,"完了","済"," 3.12.28(14:40)","正常","正常","有",,"○","－","斗納　慶明"
"60","15180","919","グレイス矯正歯科クリニック","12","消費税簡易課税制度選択届出書","税務署"," 3.12.27(17:26)",,"完了","済"," 3.12.28(14:40)","正常","正常",,,"○","－","河野　秀太"
"61","5121","678","株式会社　スラッガー","9","異動届出書","税務署"," 3.12.27(10:58)",,"完了","済"," 3.12.28(14:40)","正常","正常",,,"○","－","大神　浩央"
"62","15180","854","ビューティーサロン　かーる","12","所得税の青色申告の取りやめ届出書","税務署"," 3.12.24(15:59)",,"完了","済"," 3.12.28(14:40)","正常","正常",,,"○","－","飛垣内　恵美子"
"63","15180","854","ビューティーサロン　かーる","12","給与支払事務所等の開設・移転・廃止届出書","税務署"," 3.12.24(15:59)",,"完了","済"," 3.12.28(14:40)","正常","正常",,,"○","－","飛垣内　恵美子"
"64","15180","854","ビューティーサロン　かーる","12","個人事業の開業・廃業等届出書","税務署"," 3.12.24(15:59)",,"完了","済"," 3.12.28(14:40)","正常","正常",,,"○","－","飛垣内　恵美子"
"65","15180","373","ＡＢＬＡＺＥ","12","消費税簡易課税制度選択届出書","税務署"," 3.12.27(17:01)",,"完了","済"," 3.12.28(14:40)","正常","正常",,,"○","－","年岡　藍子"
"66","15180","684","リペア","12","消費税課税事業者届出書","税務署"," 3.12.27(09:15)",,"完了","済"," 3.12.28(14:40)","正常","正常","有",,"○","－","越智　俊仁"
"67","5121","678","株式会社　スラッガー","9","（地方）異動届","広島市"," 3.12.27(10:58)",,"完了","済"," 3.12.28(14:38)","正常","正常",,,"○","－","大神　浩央"
"68","5121","678","株式会社　スラッガー","9","（地方）異動届","広島県西部県税事務所（広島）"," 3.12.27(10:58)",,"完了","済"," 3.12.28(14:34)","正常","正常",,,"○","－","大神　浩央"
"69","5121","393","リベルタス合同会社","12","消費税簡易課税制度選択届出書","税務署"," 3.12.28(10:23)",,"完了","済"," 3.12.28(14:23)","正常","正常",,,"○","－","佐々木　渉"
"70","5121","393","リベルタス合同会社","12","消費税課税事業者届出書","税務署"," 3.12.28(10:22)",,"完了","済"," 3.12.28(14:18)","正常","正常",,,"○","－","佐々木　渉"
"71","5121","373","木村　敦子",,"消費税課税事業者選択届出書","税務署"," 3.12.28(09:51)",,"完了","済"," 3.12.28(14:14)","正常","正常",,,"○","－","河野　秀太"
"72","15180","133","那須建工","12","青色事業専従者給与に関する届出・変更届出書","税務署"," 3.12.28(09:34)",,"完了","済"," 3.12.28(14:10)","正常","正常","有"," 3.12.31","○","－","池上　明日香"
"73","15180","133","那須建工","12","個人事業の開業・廃業等届出書","税務署"," 3.12.28(09:34)",,"完了","済"," 3.12.28(14:07)","正常","正常",," 3.12.31","○","－","池上　明日香"
"74","15180","133","那須建工","12","源泉所得税の納期の特例の承認に関する申請書","税務署"," 3.12.28(09:34)",,"完了","済"," 3.12.28(13:49)","正常","正常",," 3.12.31","○","－","池上　明日香"
"75","15180","133","那須建工","12","給与支払事務所等の開設・移転・廃止届出書","税務署"," 3.12.28(09:34)",,"完了","済"," 3.12.28(13:41)","正常","正常",," 3.12.31","○","－","池上　明日香"
"76","5121","396","有限会社　脇本商店","9","（金銭交付用）事前確定届出給与に関する届出書","税務署"," 3.12.24(12:54)",,"完了","済"," 3.12.28(13:28)","正常","正常",," 3.12.28","○","－","山﨑　智之"
"77","15180","821","工藤興業","12","消費税課税事業者届出書","税務署"," 3.12. 6(16:06)",,"完了","済"," 3.12.27(22:39)","正常","正常","有",,"○","－","大野　弘貴"
"78","15180","821","工藤興業","12","消費税簡易課税制度選択届出書","税務署"," 3.12.14(19:52)",,"完了","済"," 3.12.27(22:39)","正常","正常",,,"○","－","大野　弘貴"
"79","15180","406","ｔａｖｅｒｎａ　ＴＡＫＥＤＡ","12","消費税の納税義務者でなくなった旨の届出書","税務署"," 3.12.20(19:44)",,"完了","済"," 3.12.27(22:36)","正常","正常",,,"○","－","川口　祐汰"
"80","15180","050","ＹＳ設備サービス","12","源泉所得税の納期の特例の承認に関する申請書","税務署"," 3.12. 1(11:39)",,"完了","済"," 3.12.27(22:33)","正常","正常",,,"○","－","岡本　拓"
"81","15180","050","ＹＳ設備サービス","12","給与支払事務所等の開設・移転・廃止届出書","税務署"," 3.12. 1(11:39)",,"完了","済"," 3.12.27(22:33)","正常","正常",,,"○","－","岡本　拓"
"82","5121","071","株式会社　インクルース","9","（地方）法人設立・設置届出書","広島市"," 3.12. 7(10:25)",,"完了","済"," 3.12.27(22:28)","正常","正常",,,"○","－","八谷　聡美"
"83","5121","128","株式会社　ひなた","5","（地方）異動届","広島市"," 3.12. 7(18:34)",,"完了","済"," 3.12.27(22:27)","正常","正常",,,"○","－","河野　秀太"
"84","5121","552","医療法人　Ｍ．コラソン","9","（地方）異動届","東広島市"," 3.12. 7(18:40)",,"完了","済"," 3.12.27(22:27)","正常","正常",,,"○","－","河野　秀太"
"85","5121","474","株式会社　ワンダーウォール","12","消費税課税事業者届出書","税務署"," 3.12. 3(10:59)",,"完了","済"," 3.12.27(22:27)","正常","正常",,,"○","－","大神　浩央"
"86","15180","773","ＯＬＬＩＥ’Ｓ","12","消費税簡易課税制度選択不適用届出書","税務署"," 3.12. 9(20:11)",,"完了","済"," 3.12.27(22:27)","正常","正常",," 3.12.31","○","－","上畠　達也"
"87","15180","143","天然素材　海家","12","源泉所得税の納期の特例の承認に関する申請書","税務署"," 3.12.14(15:29)",,"完了","済"," 3.12.27(22:27)","正常","正常",,,"○","－","岡本　拓"
"88","15180","933","森本　貴子","12","消費税簡易課税制度選択不適用届出書","税務署"," 3.12.21(09:52)",,"完了","済"," 3.12.27(22:27)","正常","正常",,,"○","－","岡本　拓"
"89","15180","412","居酒屋　土筆","12","消費税簡易課税制度選択不適用届出書","税務署"," 3.12.17(13:01)",,"完了","済"," 3.12.27(22:27)","正常","正常",,,"○","－","林　真理枝"
"90","5121","713","株式会社　イーグル","10","（地方）異動届","広島市"," 3.12. 9(11:03)",,"完了","済"," 3.12.27(22:24)","正常","正常",,,"○","－","安田　祥英"
"91","5121","713","株式会社　イーグル","10","（地方）異動届","広島県西部県税事務所（広島）"," 3.12. 9(11:03)",,"完了","済"," 3.12.27(22:24)","正常","正常",,,"○","－","安田　祥英"
"92","5121","252","株式会社　ｗｉｓｈＡＩ","8","（地方）異動届","広島市"," 3.12.17(14:43)",,"完了","済"," 3.12.27(22:24)","正常","正常",,,"○","－","吉川　知希"
"93","5121","252","株式会社　ｗｉｓｈＡＩ","8","（地方）異動届","広島県西部県税事務所（広島）"," 3.12.17(14:43)",,"完了","済"," 3.12.27(22:24)","正常","正常",,,"○","－","吉川　知希"
"94","5121","702","有限会社　ケアネット広島","7","（地方）異動届","広島市"," 3.12. 8(17:45)",,"完了","済"," 3.12.27(22:24)","正常","正常",,,"○","－","河野　秀太"
"95","5121","702","有限会社　ケアネット広島","7","（地方）異動届","広島県西部県税事務所（広島）"," 3.12. 8(17:45)",,"完了","済"," 3.12.27(22:24)","正常","正常",,,"○","－","河野　秀太"
"96","5121","713","株式会社　イーグル","10","異動届出書","税務署"," 3.12. 9(11:03)",,"完了","済"," 3.12.27(22:24)","正常","正常",,,"○","－","安田　祥英"
"97","5121","252","株式会社　ｗｉｓｈＡＩ","8","異動届出書","税務署"," 3.12.17(14:43)",,"完了","済"," 3.12.27(22:24)","正常","正常",,,"○","－","吉川　知希"
"98","5121","252","株式会社　ｗｉｓｈＡＩ","8","青色申告の承認申請書","税務署"," 3.12.17(14:43)",,"完了","済"," 3.12.27(22:23)","正常","正常",,,"○","－","吉川　知希"
"99","5121","702","有限会社　ケアネット広島","7","給与支払事務所等の開設・移転・廃止届出書","税務署"," 3.12. 8(17:45)",,"完了","済"," 3.12.27(22:23)","正常","正常",,,"○","－","河野　秀太"
"100","5121","702","有限会社　ケアネット広島","7","異動届出書","税務署"," 3.12. 8(17:45)",,"完了","済"," 3.12.27(22:23)","正常","正常",,,"○","－","河野　秀太"
"101","15180","130","ゆたか歯科クリニック","12","消費税課税事業者届出書","税務署"," 3.12. 8(18:55)",,"完了","済"," 3.12.27(22:23)","正常","正常","有",,"○","－","胤森　和樹"
"102","15180","130","ゆたか歯科クリニック","12","消費税簡易課税制度選択届出書","税務署"," 3.12. 8(18:55)",,"完了","済"," 3.12.27(22:23)","正常","正常",,,"○","－","胤森　和樹"
"103","5121","201","Ｎｅｘｔ　株式会社","10","（地方）異動届","広島市"," 3.12. 3(18:44)",,"完了","済"," 3.12.27(22:12)","正常","正常",,,,"－","山田　健司"
"104","5121","201","Ｎｅｘｔ　株式会社","10","（地方）異動届","広島県西部県税事務所（広島）"," 3.12. 3(18:44)",,"完了","済"," 3.12.27(22:11)","正常","正常",,,,"－","山田　健司"
"105","5121","201","Ｎｅｘｔ　株式会社","10","給与支払事務所等の開設・移転・廃止届出書","税務署"," 3.12. 3(18:44)",,"完了","済"," 3.12.27(22:11)","正常","正常",,,,"－","山田　健司"
"106","5121","201","Ｎｅｘｔ　株式会社","10","異動届出書","税務署"," 3.12. 3(18:44)",,"完了","済"," 3.12.27(22:11)","正常","正常",,,,"－","山田　健司"
"107","5121","455","有限会社　パーマックドライセンター","6","給与支払事務所等の開設・移転・廃止届出書","税務署"," 3.12.15(08:40)",,"完了","済"," 3.12.27(22:08)","正常","正常",," 3.12.31",,"－","山﨑　智之"
"108","5121","455","有限会社　パーマックドライセンター","6","異動届出書","税務署"," 3.12.15(08:40)",,"完了","済"," 3.12.27(22:02)","正常","正常",," 3.12.31",,"－","山﨑　智之"
"109","5121","455","有限会社　パーマックドライセンター","6","（地方）異動届","広島市"," 3.12.15(08:40)",,"完了","済"," 3.12.27(21:51)","正常","正常",," 3.12.31",,"－","山﨑　智之"
"110","5121","455","有限会社　パーマックドライセンター","6","（地方）異動届","広島県西部県税事務所（広島）"," 3.12.15(08:40)",,"完了","済"," 3.12.27(21:38)","正常","正常",," 3.12.31",,"－","山﨑　智之"
"111","5121","216","株式会社　ＦＴ","9","消費税課税事業者届出書","税務署"," 3.12. 2(16:39)",,"完了","済"," 3.12. 2(19:04)","正常","正常",,,,"－","加藤　雄也"
"112","5121","592","有限会社　踊場","5","異動届出書","税務署"," 3.12. 1(11:46)",,"完了","済"," 3.12. 1(19:06)","正常","正常",,,,"－","年岡　藍子"
"113","5121","206","株式会社　マコデン","9","欠損金の繰戻しによる還付請求書","税務署"," 3.11.30(18:28)",,"完了","済"," 3.11.30(19:23)","正常","正常",,,,"－","加藤　雄也"
"114","5121","704","有限会社　山尾工務店","9","給与支払事務所等の開設・移転・廃止届出書","税務署"," 3.11.26(19:03)",,"完了","済"," 3.11.30(17:44)","正常","正常",,,,"－","吉田　政偉"
"115","5121","704","有限会社　山尾工務店","9","異動届出書","税務署"," 3.11.26(19:03)",,"完了","済"," 3.11.30(17:44)","正常","正常",,,,"－","吉田　政偉"
"116","5121","908","福三　株式会社","8","（金銭交付用）事前確定届出給与に関する届出書","税務署"," 3.11.30(16:28)",,"完了","済"," 3.11.30(17:44)","正常","正常",,,,"－","大神　浩央"
"117","5121","025","有限会社　成鉄工業","8","（金銭交付用）事前確定届出給与に関する届出書","税務署"," 3.10.30(15:32)",,"完了","済"," 3.11.30(14:33)","正常","正常",," 3.11. 1",,"－","二間　晃治"
"118","15180","921","ｍｏｃｈａ　ｃｈｉｐ","12","消費税課税事業者届出書","税務署"," 3.11.11(10:47)",,"完了","済"," 3.11.28(13:57)","正常","正常","有",,,"－","宮奥　千悠"
"119","15180","811","Ｃｈｉｐｉｅ","12","消費税簡易課税制度選択届出書","税務署"," 3.11.12(13:28)",,"完了","済"," 3.11.28(13:53)","正常","正常",,,,"－","三上　貴史"
"120","15180","179","Ｓｅｔ　Ｓａｌｏｎ　ｅｌｌｅ","12","源泉所得税の納期の特例の承認に関する申請書","税務署"," 3.11.15(08:48)",,"完了","済"," 3.11.28(13:50)","正常","正常",,,,"－","宮奥　千悠"
"121","15180","179","Ｓｅｔ　Ｓａｌｏｎ　ｅｌｌｅ","12","給与支払事務所等の開設・移転・廃止届出書","税務署"," 3.11.15(08:48)",,"完了","済"," 3.11.28(13:41)","正常","正常",,,,"－","宮奥　千悠"
"122","5121","592","有限会社　踊場","5","異動届出書","税務署"," 3.11. 4(17:33)",,"完了","済"," 3.11.28(13:05)","正常","正常",,,,"－","年岡　藍子"
"123","5121","592","有限会社　踊場","5","（地方）異動届","広島市"," 3.11. 4(17:33)",,"完了","済"," 3.11.28(11:30)","正常","正常",,,,"－","年岡　藍子"
"124","15180","811","Ｃｈｉｐｉｅ","12","消費税課税事業者届出書","税務署"," 3.11.12(13:29)",,"完了","済"," 3.11.28(11:19)","正常","正常","有",,,"－","三上　貴史"
"125","15180","179","Ｓｅｔ　Ｓａｌｏｎ　ｅｌｌｅ","12","消費税課税事業者届出書","税務署"," 3.11.15(08:48)",,"完了","済"," 3.11.27(21:33)","正常","正常","有",,,"－","宮奥　千悠"
"126","15180","179","Ｓｅｔ　Ｓａｌｏｎ　ｅｌｌｅ","12","所得税・消費税の納税地の異動又は変更に関する届出書","税務署"," 3.11.12(09:01)",,"完了","済"," 3.11.27(21:28)","正常","正常",,,,"－","宮奥　千悠"
"127","5121","592","有限会社　踊場","5","（地方）異動届","広島県西部県税事務所（広島）"," 3.11. 4(17:33)",,"完了","済"," 3.11.27(20:54)","正常","正常",,,,"－","年岡　藍子"
"128","5121","086","株式会社　マコト","8","適格請求書発行事業者の登録申請書(国内事業者用)","税務署"," 3.11.16(14:59)",,"完了","済"," 3.11.27(20:23)","正常","正常",,,,"－","木村　大介"
"129","5121","585","相生エンジニアリング株式会社","8","（金銭交付用）事前確定届出給与に関する届出書","税務署"," 3.11.19(16:47)",,"完了","済"," 3.11.26(08:27)","正常","正常",,,,"－","岩崎　健大"
"130","5121","912","株式会社　フルスイング","10","（地方）法人設立・設置届出書","広島市"," 3.11.16(18:00)",,"完了","済"," 3.11.24(16:53)","正常","正常",,,,"－","斗納　慶明"
"131","5121","912","株式会社　フルスイング","10","（地方）法人設立・設置届出書","広島県西部県税事務所（芸北）"," 3.11.16(18:00)",,"完了","済"," 3.11.24(16:53)","正常","正常",,,,"－","斗納　慶明"
"132","5121","912","株式会社　フルスイング","10","源泉所得税の納期の特例の承認に関する申請書","税務署"," 3.11.16(18:00)",,"完了","済"," 3.11.24(16:53)","正常","正常",,,,"－","斗納　慶明"
"133","5121","912","株式会社　フルスイング","10","青色申告の承認申請書","税務署"," 3.11.16(18:00)",,"完了","済"," 3.11.24(16:53)","正常","正常",,,,"－","斗納　慶明"
"134","5121","912","株式会社　フルスイング","10","給与支払事務所等の開設・移転・廃止届出書","税務署"," 3.11.16(18:00)",,"完了","済"," 3.11.24(16:53)","正常","正常",,,,"－","斗納　慶明"
"135","5121","912","株式会社　フルスイング","10","法人設立届出書","税務署"," 3.11.16(18:00)",,"完了","済"," 3.11.24(16:53)","正常","正常",,,,"－","斗納　慶明"
"136","15180","176","こばやし鍼灸整骨院","12","事業廃止届出書（消費税）","税務署"," 3.11.16(17:36)",,"完了","済"," 3.11.24(16:53)","正常","正常",,,,"－","斗納　慶明"
"137","15180","176","こばやし鍼灸整骨院","12","給与支払事務所等の開設・移転・廃止届出書","税務署"," 3.11.16(17:36)",,"完了","済"," 3.11.24(16:53)","正常","正常",,,,"－","斗納　慶明"
"138","15180","176","こばやし鍼灸整骨院","12","個人事業の開業・廃業等届出書","税務署"," 3.11.16(17:36)",,"完了","済"," 3.11.24(16:53)","正常","正常",,,,"－","斗納　慶明"
"139","15180","188","くぼた耳鼻咽喉科アレルギー科","12","所得税の青色申告承認申請書","税務署"," 3.11.11(20:22)",,"完了","済"," 3.11.18(18:27)","正常","正常",,,,"－","河野　秀太"
"140","15180","188","くぼた耳鼻咽喉科アレルギー科","12","給与支払事務所等の開設・移転・廃止届出書","税務署"," 3.11.11(20:22)",,"完了","済"," 3.11.18(18:27)","正常","正常",,,,"－","河野　秀太"
"141","15180","188","くぼた耳鼻咽喉科アレルギー科","12","個人事業の開業・廃業等届出書","税務署"," 3.11.11(20:22)",,"完了","済"," 3.11.18(18:27)","正常","正常",,,,"－","河野　秀太"
"142","15180","901","エム・ディー・エス","12","令和3年分所得税及び復興特別所得税の予定納税額の7月（11月）減額申請書","税務署"," 3.11. 9(15:43)",,"完了","済"," 3.11.12(18:48)","正常","正常","有",,,"－","藤本　光丞"
"143","5121","378","株式会社　ＵＮＩＴＥＤ","2","給与支払事務所等の開設・移転・廃止届出書","税務署"," 3.11.10(08:39)",,"完了","済"," 3.11.12(18:46)","正常","正常",,,,"－","大神　浩央"
"144","5121","378","株式会社　ＵＮＩＴＥＤ","2","異動届出書","税務署"," 3.11.10(08:39)",,"完了","済"," 3.11.12(18:39)","正常","正常",,,,"－","大神　浩央"
"145","5121","378","株式会社　ＵＮＩＴＥＤ","2","（地方）異動届","広島市"," 3.11. 5(09:33)",,"完了","済"," 3.11.12(18:36)","正常","正常",,,,"－","大神　浩央"
"146","5121","378","株式会社　ＵＮＩＴＥＤ","2","（地方）異動届","広島県西部県税事務所（広島）"," 3.11. 5(09:33)",,"完了","済"," 3.11.12(18:25)","正常","正常",,,,"－","大神　浩央"
"147","15180","201","ビューティーハウス　くろだ","12","個人事業の開業・廃業等届出書","税務署"," 3.11. 4(09:43)",,"完了","済"," 3.11. 4(17:13)","正常","正常",,,,"－","奥谷　佐代子"
"148","5121","086","株式会社　マコト","8","（地方）異動届","広島市"," 3.10.29(16:44)",,"完了","済"," 3.11. 1(11:52)","正常","正常",,,,"－","木村　大介"
"149","5121","086","株式会社　マコト","8","（地方）異動届","広島県西部県税事務所（広島）"," 3.10.29(16:44)",,"完了","済"," 3.11. 1(11:52)","正常","正常",,,,"－","木村　大介"
"150","5121","209","弁護士法人　リーガルジャパン","11","（地方）法人設立・設置届出書","東京都千代田都税事務所"," 3.10.26(18:24)",,"完了","済"," 3.11. 1(11:52)","正常","正常",,,,"－","山﨑　智之"
"151","5121","979","有限会社　フロムファースト設計事務所","8","消費税の納税義務者でなくなった旨の届出書","税務署"," 3.10.29(16:47)",,"完了","済"," 3.11. 1(11:51)","正常","正常",,,,"－","八谷　聡美"
"152","5121","086","株式会社　マコト","8","異動届出書","税務署"," 3.10.29(16:44)",,"完了","済"," 3.11. 1(11:51)","正常","正常",,,,"－","木村　大介"
"153","5121","237","株式会社　ファインレック","8","（地方）法人設立・設置届出書","広島市"," 3.10.13(16:05)",,"完了","済"," 3.10.29(16:41)","正常","正常",,,,"－","奥谷　佐代子"
"154","5121","565","株式会社　ＪＡＰＡＮ　ＩＤＥＡＬ","7","（地方）法人設立・設置届出書","熊野町"," 3.10.26(08:22)",,"完了","済"," 3.10.29(16:41)","正常","正常",,,,"－","横井　要"
"155","5121","565","株式会社　ＪＡＰＡＮ　ＩＤＥＡＬ","7","（地方）法人設立・設置届出書","広島県西部県税事務所（広島）"," 3.10.26(08:22)",,"完了","済"," 3.10.29(16:41)","正常","正常",,,,"－","横井　要"
"156","5121","297","株式会社　Ｓ＆Ｋプラザ","8","（地方）異動届","広島市"," 3.10.13(10:06)",,"完了","済"," 3.10.29(16:41)","正常","正常",," 3.10.13",,"－","二間　晃治"
"157","5121","297","株式会社　Ｓ＆Ｋプラザ","8","（地方）異動届","広島県西部県税事務所（芸北）"," 3.10.13(10:06)",,"完了","済"," 3.10.29(16:40)","正常","正常",," 3.10.13",,"－","二間　晃治"
"158","5121","565","井手　備方",,"事業廃止届出書（消費税）","税務署"," 3.10.25(10:59)",,"完了","済"," 3.10.29(16:40)","正常","正常",,,,"－","横井　要"
"159","5121","565","井手　備方",,"給与支払事務所等の開設・移転・廃止届出書","税務署"," 3.10.25(10:59)",,"完了","済"," 3.10.29(16:40)","正常","正常",,,,"－","横井　要"
"160","5121","565","井手　備方",,"個人事業の開業・廃業等届出書","税務署"," 3.10.25(10:59)",,"完了","済"," 3.10.29(16:40)","正常","正常",,,,"－","横井　要"
"161","5121","565","株式会社　ＪＡＰＡＮ　ＩＤＥＡＬ","7","源泉所得税の納期の特例の承認に関する申請書","税務署"," 3.10.25(10:46)",,"完了","済"," 3.10.29(16:40)","正常","正常",,,,"－","横井　要"
"162","5121","565","株式会社　ＪＡＰＡＮ　ＩＤＥＡＬ","7","青色申告の承認申請書","税務署"," 3.10.25(10:46)",,"完了","済"," 3.10.29(16:40)","正常","正常",,,,"－","横井　要"
"163","5121","565","株式会社　ＪＡＰＡＮ　ＩＤＥＡＬ","7","給与支払事務所等の開設・移転・廃止届出書","税務署"," 3.10.25(10:46)",,"完了","済"," 3.10.29(16:40)","正常","正常",,,,"－","横井　要"
"164","5121","565","株式会社　ＪＡＰＡＮ　ＩＤＥＡＬ","7","法人設立届出書","税務署"," 3.10.26(08:22)",,"完了","済"," 3.10.29(16:40)","正常","正常",,,,"－","横井　要"
"165","99999","987","株式会社　セグロ","8","給与支払事務所等の開設・移転・廃止届出書","税務署"," 3.10. 6(11:50)",,"完了","済"," 3.10.29(16:40)","正常","正常",,,,"－","三上　貴史"
"166","5121","901","株式会社　Ｎｅｘｔ　Ｄｒｅａｍ","9","消費税課税事業者届出書","税務署"," 3.10.22(12:08)",,"完了","済"," 3.10.29(16:40)","正常","正常",,,,"－","大神　浩央"
"167","15180","176","こばやし鍼灸整骨院","12","消費税課税事業者届出書","税務署"," 3.10. 8(19:12)",,"完了","済"," 3.10.29(16:40)","正常","正常","有",,,"－","斗納　慶明"
"168","5121","540","株式会社　ナカノツール","8","消費税課税事業者届出書","税務署"," 3.10.22(19:17)",,"完了","済"," 3.10.29(16:40)","正常","正常",,,,"－","増田　健司"
"169","5121","237","株式会社　ファインレック","8","消費税課税事業者届出書","税務署"," 3.10.11(15:00)",,"完了","済"," 3.10.29(16:40)","正常","正常",,,,"－","奥谷　佐代子"
"170","99999","496","株式会社　広松しまね","8","青色申告の承認申請書","税務署"," 3.10.11(10:28)",,"完了","済"," 3.10.29(16:39)","正常","正常",,,,"－","菊池　未紗"
"171","5121","286","株式会社　環境開発公社","8","（金銭交付用）事前確定届出給与に関する届出書","税務署"," 3.10.26(15:45)",,"完了","済"," 3.10.29(16:39)","正常","正常",,,,"－","山田　健司"
"172","15180","745","ＳＷＩＮＧＩＮＧ　ＢＩＲＤ　ＫＩＴＣＨＥＮ","12","個人事業の開業・廃業等届出書","税務署"," 3.10.19(17:05)",,"完了","済"," 3.10.19(17:43)","正常","正常",,,,"－","吉川　知希"
"173","5121","702","有限会社　ケアネット広島","7","（金銭交付用）事前確定届出給与に関する届出書","税務署"," 3.10. 1(15:10)",,"完了","済"," 3.10.12(17:41)","正常","正常",,,,"－","河野　秀太"
"174","5121","906","三益物産　株式会社","4","（地方）異動届","三原市"," 3. 7.20(20:12)",,"完了","済"," 3.10. 1(17:09)","正常","正常",,,,"－","大神　浩央"
"175","5121","906","三益物産　株式会社","4","（地方）異動届","広島県東部県税事務所（尾三）"," 3.10. 1(16:50)",,"完了","済"," 3.10. 1(17:09)","正常","正常",,,,"－","大神　浩央"
"176","5121","906","三益物産　株式会社","4","異動届出書","税務署"," 3. 7.20(20:12)",,"完了","済"," 3.10. 1(17:09)","正常","正常",,,,"－","大神　浩央"
"177","5121","252","株式会社　ｗｉｓｈＡＩ","8","（地方）法人設立・設置届出書","広島市"," 3. 9.27(20:52)",,"完了","済"," 3. 9.30(15:48)","正常","正常",,,,"－","吉川　知希"
"178","5121","252","株式会社　ｗｉｓｈＡＩ","8","（地方）法人設立・設置届出書","広島県西部県税事務所（広島）"," 3. 9.27(20:54)",,"完了","済"," 3. 9.30(15:48)","正常","正常",,,,"－","吉川　知希"
"179","5121","252","株式会社　ｗｉｓｈＡＩ","8","源泉所得税の納期の特例の承認に関する申請書","税務署"," 3. 9.27(20:45)",,"完了","済"," 3. 9.30(15:42)","正常","正常",,,,"－","吉川　知希"
"180","5121","252","株式会社　ｗｉｓｈＡＩ","8","給与支払事務所等の開設・移転・廃止届出書","税務署"," 3. 9.27(20:48)",,"完了","済"," 3. 9.30(15:42)","正常","正常",,,,"－","吉川　知希"
"181","5121","252","株式会社　ｗｉｓｈＡＩ","8","法人設立届出書","税務署"," 3. 9.27(20:50)",,"完了","済"," 3. 9.30(15:42)","正常","正常",,,,"－","吉川　知希"
"182","5121","066","株式会社　エムケイサービス","7","（地方）法人設立・設置届出書","鳥取県西部県税事務所"," 3. 9.24(19:43)",,"完了","済"," 3. 9.30(11:58)","正常","正常","有",,,"－","前田　拓哉"
"183","5121","066","株式会社　エムケイサービス","7","（地方）法人設立・設置届出書","大山町"," 3. 9.30(09:00)",,"完了","済"," 3. 9.30(11:57)","正常","正常",,,,"－","前田　拓哉"
"184","5121","991","株式会社　ＩＭＰＲＥＳＳ","7","欠損金の繰戻しによる還付請求書","税務署"," 3. 9. 7(10:31)",,"完了","済"," 3. 9.30(11:57)","正常","正常",,,,"－","山口　拓也"
"185","5121","613","株式会社　フィット","7","欠損金の繰戻しによる還付請求書","税務署"," 3. 9.29(11:26)",,"完了","済"," 3. 9.30(11:57)","正常","正常",,,,"－","加藤　雄也"
"186","5121","552","医療法人　Ｍ．コラソン","9","消費税簡易課税制度選択届出書","税務署"," 3. 9.29(09:34)",,"完了","済"," 3. 9.29(18:52)","正常","正常",,,,"－","河野　秀太"
"187","5121","552","医療法人　Ｍ．コラソン","9","消費税課税事業者届出書","税務署"," 3. 9.29(09:34)",,"完了","済"," 3. 9.29(18:52)","正常","正常",,,,"－","河野　秀太"
"188","5121","217","株式会社　ＮＫ興産","6","（金銭交付用）事前確定届出給与に関する届出書","税務署"," 3. 9.29(09:39)",,"完了","済"," 3. 9.29(18:52)","正常","正常",,,,"－","安田　祥英"
"189","5121","463","株式会社　星光","6","（金銭交付用）事前確定届出給与に関する届出書","税務署"," 3. 9.29(08:25)",,"完了","済"," 3. 9.29(18:52)","正常","正常",,,,"－","塚澤　愛"
"190","5121","219","有限会社　アークス","1","消費税の納税義務者でなくなった旨の届出書","税務署"," 3. 9.28(14:19)",,"完了","済"," 3. 9.29(18:52)","正常","正常",," 3. 9.28",,"－","吉田　由美"
"191","99999","414","株式会社　マダクル","8","（地方）法人設立・設置届出書","枚方市"," 3. 9.21(20:47)",,"完了","済"," 3. 9.28(09:16)","正常","正常",,,,"－","安田　祥英"
"192","99999","414","株式会社　マダクル","8","（地方）法人設立・設置届出書","大阪府北河内府税事務所"," 3. 9.21(20:47)",,"完了","済"," 3. 9.28(09:16)","正常","正常",,,,"－","安田　祥英"
"193","5121","162","合同会社　天龍姫","7","（地方）法人設立・設置届出書","広島市"," 3. 9. 3(20:25)",,"完了","済"," 3. 9.28(09:16)","正常","正常",,,,"－","三上　貴史"
"194","5121","162","合同会社　天龍姫","7","（地方）法人設立・設置届出書","広島県西部県税事務所（広島）"," 3. 9. 3(20:25)",,"完了","済"," 3. 9.28(09:16)","正常","正常",,,,"－","三上　貴史"
"195","5121","162","合同会社　天龍姫","7","青色申告の承認申請書","税務署"," 3. 9. 6(09:48)",,"完了","済"," 3. 9.28(09:15)","正常","正常",,,,"－","三上　貴史"
"196","5121","162","合同会社　天龍姫","7","給与支払事務所等の開設・移転・廃止届出書","税務署"," 3. 9. 3(20:25)",,"完了","済"," 3. 9.28(09:15)","正常","正常",,,,"－","三上　貴史"
"197","5121","162","合同会社　天龍姫","7","法人設立届出書","税務署"," 3. 9. 3(20:39)",,"完了","済"," 3. 9.28(09:15)","正常","正常",,,,"－","三上　貴史"
"198","15180","874","山本電工","12","事業廃止届出書（消費税）","税務署"," 3. 9. 2(18:32)",,"完了","済"," 3. 9.28(09:15)","正常","正常",,,,"－","大野　弘貴"
"199","15180","874","山本電工","12","個人事業の開業・廃業等届出書","税務署"," 3. 9. 2(18:32)",,"完了","済"," 3. 9.28(09:15)","正常","正常",,,,"－","大野　弘貴"
"200","99999","414","株式会社　マダクル","8","給与支払事務所等の開設・移転・廃止届出書","税務署"," 3. 9.21(20:47)",,"完了","済"," 3. 9.28(09:15)","正常","正常",,,,"－","安田　祥英"
"201","15180","559","ｍｅｌｌｏｗ　ｈａｉｒ","12","給与支払事務所等の開設・移転・廃止届出書","税務署"," 3. 9.17(09:39)",,"完了","済"," 3. 9.28(09:15)","正常","正常",,,,"－","吉田　由美"
"202","15180","559","ｍｅｌｌｏｗ　ｈａｉｒ","12","所得税・消費税の納税地の異動又は変更に関する届出書","税務署"," 3. 9.17(09:39)",,"完了","済"," 3. 9.28(09:15)","正常","正常",,,,"－","吉田　由美"
"203","5121","097","株式会社　リペイ","5","（金銭交付用）事前確定届出給与に関する届出書","税務署"," 3. 9. 1(19:57)",,"完了","済"," 3. 9.28(09:15)","正常","正常",,,,"－","小林　政則"
"204","5121","763","株式会社　マグネット","6","源泉所得税の納期の特例の承認に関する申請書","税務署"," 3. 9. 2(10:58)",,"完了","済"," 3. 9.28(09:15)","正常","正常",,,,"－","三上　貴史"
"205","5121","595","有限会社　いきもの屋","6","消費税の納税義務者でなくなった旨の届出書","税務署"," 3. 9. 2(14:01)",,"完了","済"," 3. 9.28(09:15)","正常","正常",,,,"－","年岡　藍子"
"206","5121","759","株式会社　シニア・ハウス","5","消費税課税売上割合に準ずる割合の不適用届出書","税務署"," 3. 9.15(17:24)",,"完了","済"," 3. 9.16(14:28)","正常","正常",,,,"－","胤森　和樹"
"207","5121","677","株式会社　ＳＳＳ","4","（地方）法人設立・設置届出書","広島市"," 3. 9. 7(10:53)",,"完了","済"," 3. 9. 9(16:41)","正常","正常",,,,"－","佐々木　渉"
"208","5121","777","株式会社　フォーエム","8","（地方）法人設立・設置届出書","東広島市"," 3. 9. 7(10:58)",,"完了","済"," 3. 9. 9(16:41)","正常","正常",,,,"－","岡村　直幸"
"209","15180","488","フィールド","12","個人事業の開業・廃業等届出書","税務署"," 3. 9. 1(18:16)",,"完了","済"," 3. 9. 7(11:40)","正常","正常",,,,"－","岡村　直幸"
"210","5121","526","ダイヤホーム　有限会社","6","（地方）異動届","福岡県北九州西県税事務所"," 3. 8.31(20:42)",,"完了","済"," 3. 8.31(20:51)","正常","正常",," 3. 8.31",,"－","加藤　雄也"
"211","5121","526","ダイヤホーム　有限会社","6","（地方）異動届","北九州市"," 3. 8.31(20:42)",,"完了","済"," 3. 8.31(20:51)","正常","正常",," 3. 8.31",,"－","加藤　雄也"
"212","5121","526","ダイヤホーム　有限会社","6","（地方）異動届","筑紫野市"," 3. 8.31(20:42)",,"完了","済"," 3. 8.31(20:51)","正常","正常",," 3. 8.31",,"－","加藤　雄也"
"213","5121","526","ダイヤホーム　有限会社","6","（地方）異動届","福岡県北九州西県税事務所"," 3. 8.30(11:52)",,"完了","済"," 3. 8.31(19:52)","正常","正常",,,,"－","加藤　雄也"
"214","5121","526","ダイヤホーム　有限会社","6","（地方）異動届","筑紫野市"," 3. 8.30(11:52)",,"完了","済"," 3. 8.31(19:52)","正常","正常",,,,"－","加藤　雄也"
"215","5121","526","ダイヤホーム　有限会社","6","（地方）異動届","北九州市"," 3. 8.30(11:52)",,"完了","済"," 3. 8.31(19:52)","正常","正常",,,,"－","加藤　雄也"
"216","5121","526","ダイヤホーム　有限会社","6","（地方）法人設立・設置届出書","筑紫野市"," 3. 8.31(16:18)",,"完了","済"," 3. 8.31(19:52)","正常","正常",,,,"－","加藤　雄也"
"217","5121","526","ダイヤホーム　有限会社","6","（地方）法人設立・設置届出書","北九州市"," 3. 8.31(16:18)",,"完了","済"," 3. 8.31(19:52)","正常","正常",,,,"－","加藤　雄也"
"218","5121","526","ダイヤホーム　有限会社","6","（地方）法人設立・設置届出書","福岡県北九州西県税事務所"," 3. 8.31(16:18)",,"完了","済"," 3. 8.31(19:51)","正常","正常",,,,"－","加藤　雄也"
"219","5121","526","ダイヤホーム　有限会社","6","（地方）法人設立・設置届出書","山口市"," 3. 8.31(16:18)",,"完了","済"," 3. 8.31(19:51)","正常","正常",,,,"－","加藤　雄也"
"220","5121","526","ダイヤホーム　有限会社","6","（地方）法人設立・設置届出書","宇部市"," 3. 8.31(16:18)",,"完了","済"," 3. 8.31(19:51)","正常","正常",,,,"－","加藤　雄也"
"221","5121","526","ダイヤホーム　有限会社","6","（地方）法人設立・設置届出書","山口県山口県税事務所"," 3. 8.31(16:18)",,"完了","済"," 3. 8.31(19:51)","正常","正常",,,,"－","加藤　雄也"
"222","5121","526","ダイヤホーム　有限会社","6","欠損金の繰戻しによる還付請求書","税務署"," 3. 8.31(18:42)",,"完了","済"," 3. 8.31(19:51)","正常","正常",,,,"－","加藤　雄也"
"223","5121","792","ＲＲ　合同会社","6","減価償却資産の償却方法の届出書","税務署"," 3. 8.24(19:06)",,"完了","済"," 3. 8.31(19:05)","正常","正常",,,,"－","佐々木　博也"
"224","5121","792","ＲＲ　合同会社","6","棚卸資産の評価方法の届出書","税務署"," 3. 8.23(19:49)",,"完了","済"," 3. 8.31(19:04)","正常","正常",,,,"－","佐々木　博也"
"225","5121","792","ＲＲ　合同会社","6","源泉所得税の納期の特例の承認に関する申請書","税務署"," 3. 8.23(19:49)",,"完了","済"," 3. 8.31(19:03)","正常","正常",,,,"－","佐々木　博也"
"226","5121","792","ＲＲ　合同会社","6","青色申告の承認申請書","税務署"," 3. 8.26(18:24)",,"完了","済"," 3. 8.31(19:03)","正常","正常",,,,"－","佐々木　博也"
"227","5121","792","ＲＲ　合同会社","6","給与支払事務所等の開設・移転・廃止届出書","税務署"," 3. 8.23(19:49)",,"完了","済"," 3. 8.31(19:03)","正常","正常",,,,"－","佐々木　博也"
"228","5121","792","ＲＲ　合同会社","6","法人設立届出書","税務署"," 3. 8.23(19:49)",,"完了","済"," 3. 8.31(19:02)","正常","正常",,,,"－","佐々木　博也"
"229","5121","035","ＹＭＦ株式会社","8","消費税簡易課税制度選択届出書","税務署"," 3. 8.30(17:29)",,"完了","済"," 3. 8.31(19:02)","正常","正常",," 3. 8.31",,"－","上畠　達也"
"230","5121","035","ＹＭＦ株式会社","8","消費税課税事業者届出書","税務署"," 3. 8.30(17:29)",,"完了","済"," 3. 8.31(19:02)","正常","正常",," 3. 8.31",,"－","上畠　達也"
"231","5121","319","櫻井ビル　株式会社","8","消費税簡易課税制度選択届出書","税務署"," 3. 8.31(11:38)",,"完了","済"," 3. 8.31(19:02)","正常","正常",,,,"－","岡村　直幸"
"232","5121","319","櫻井ビル　株式会社","8","消費税課税事業者届出書","税務署"," 3. 8.23(11:58)",,"完了","済"," 3. 8.31(19:02)","正常","正常",,,,"－","岡村　直幸"
"233","5121","671","株式会社　ワイ・エス・エス","6","欠損金の繰戻しによる還付請求書","税務署"," 3. 8.30(18:19)",,"完了","済"," 3. 8.31(19:02)","正常","正常",," 3. 8.31",,"－","胤森　和樹"
"234","5121","208","有限会社　すいとぴい","10","（地方）異動届","岩国市"," 3. 8.30(19:00)",,"完了","済"," 3. 8.30(19:31)","正常","正常",,,,"－","大野　弘貴"
"235","5121","208","有限会社　すいとぴい","10","（地方）異動届","山口県岩国県税事務所"," 3. 8.30(19:00)",,"完了","済"," 3. 8.30(19:31)","正常","正常",,,,"－","大野　弘貴"
"236","15180","998","米山　宜孝","12","給与支払事務所等の開設・移転・廃止届出書","税務署"," 3. 8.30(11:25)",,"完了","済"," 3. 8.30(19:31)","正常","正常",,,,"－","山口　拓也"
"237","15180","998","米山　宜孝","12","個人事業の開業・廃業等届出書","税務署"," 3. 8.30(11:25)",,"完了","済"," 3. 8.30(19:31)","正常","正常",,,,"－","山口　拓也"
"238","5121","208","有限会社　すいとぴい","10","異動届出書","税務署"," 3. 8.30(19:00)",,"完了","済"," 3. 8.30(19:30)","正常","正常",,,,"－","大野　弘貴"
"239","99999","783","公益財団法人　廿日市市芸術文化振興事業団","3","（地方）異動届","廿日市市"," 3. 8.12(09:27)",,"完了","済"," 3. 8.30(15:49)","正常","正常",,,,"－","尾上　宏"
"240","99999","783","公益財団法人　廿日市市芸術文化振興事業団","3","（地方）異動届","広島県西部県税事務所（廿日市）"," 3. 8.12(09:27)",,"完了","済"," 3. 8.30(15:49)","正常","正常",,,,"－","尾上　宏"
"241","5121","399","株式会社　ＳＷＩＮＧＩＮＧ　ＢＩＲＤ",,"（地方）法人設立・設置届出書","広島市"," 3. 8. 3(19:00)",,"完了","済"," 3. 8.30(15:49)","正常","正常",,,,"－","吉川　知希"
"242","5121","399","株式会社　ＳＷＩＮＧＩＮＧ　ＢＩＲＤ",,"（地方）法人設立・設置届出書","広島県西部県税事務所（広島）"," 3. 8. 3(19:00)",,"完了","済"," 3. 8.30(15:48)","正常","正常",,,,"－","吉川　知希"
"243","5121","122","株式会社　ニッソク広島","12","（地方）異動届","広島市"," 3. 8.27(13:29)",,"完了","済"," 3. 8.30(15:48)","正常","正常",,,,"－","横井　要"
"244","5121","122","株式会社　ニッソク広島","12","（地方）異動届","広島県西部県税事務所（広島）"," 3. 8.27(13:29)",,"完了","済"," 3. 8.30(15:48)","正常","正常",,,,"－","横井　要"
"245","5121","224","純薬　株式会社","6","（地方）異動届","呉市"," 3. 8.17(10:43)",,"完了","済"," 3. 8.30(15:48)","正常","正常",,,,"－","山田　健司"
"246","5121","399","株式会社　ＳＷＩＮＧＩＮＧ　ＢＩＲＤ",,"源泉所得税の納期の特例の承認に関する申請書","税務署"," 3. 8. 3(18:45)",,"完了","済"," 3. 8.30(15:48)","正常","正常",,,,"－","吉川　知希"
"247","5121","399","株式会社　ＳＷＩＮＧＩＮＧ　ＢＩＲＤ",,"青色申告の承認申請書","税務署"," 3. 8. 3(18:46)",,"完了","済"," 3. 8.30(15:48)","正常","正常",," 3. 9.30",,"－","吉川　知希"
"248","5121","399","株式会社　ＳＷＩＮＧＩＮＧ　ＢＩＲＤ",,"給与支払事務所等の開設・移転・廃止届出書","税務署"," 3. 8. 3(18:47)",,"完了","済"," 3. 8.30(15:48)","正常","正常",,,,"－","吉川　知希"
"249","5121","399","株式会社　ＳＷＩＮＧＩＮＧ　ＢＩＲＤ",,"法人設立届出書","税務署"," 3. 8. 3(18:52)",,"完了","済"," 3. 8.30(15:48)","正常","正常",," 3. 8.31",,"－","吉川　知希"
"250","5121","331","株式会社　Ｓｏ－ｋｏ","8","消費税簡易課税制度選択届出書","税務署"," 3. 8.24(17:49)",,"完了","済"," 3. 8.30(15:48)","正常","正常",,,,"－","宮奥　千悠"
"251","5121","331","株式会社　Ｓｏ－ｋｏ","8","消費税課税事業者届出書（特定期間用）","税務署"," 3. 8.24(17:49)",,"完了","済"," 3. 8.30(15:48)","正常","正常",,,,"－","宮奥　千悠"
"252","5121","785","株式会社　Ｓｏｓｈ　ｉｎｃ．","7","消費税課税事業者届出書","税務署"," 3. 8. 3(15:20)",,"完了","済"," 3. 8.30(15:48)","正常","正常",,,,"－","宮奥　千悠"
"253","15180","090","上野歯科医院","12","給与支払事務所等の開設・移転・廃止届出書","税務署"," 3. 8. 3(10:16)",,"完了","済"," 3. 8.30(15:48)","正常","正常",,,,"－","胤森　和樹"
"254","15180","090","上野歯科医院","12","個人事業の開業・廃業等届出書","税務署"," 3. 8. 3(10:16)",,"完了","済"," 3. 8.30(15:47)","正常","正常",,,,"－","胤森　和樹"
"255","99999","783","公益財団法人　廿日市市芸術文化振興事業団","3","異動届出書","税務署"," 3. 8.12(09:27)",,"完了","済"," 3. 8.30(15:47)","正常","正常",,,,"－","尾上　宏"
"256","5121","122","株式会社　ニッソク広島","12","給与支払事務所等の開設・移転・廃止届出書","税務署"," 3. 8.27(13:29)",,"完了","済"," 3. 8.30(15:47)","正常","正常",,,,"－","横井　要"
"257","5121","122","株式会社　ニッソク広島","12","異動届出書","税務署"," 3. 8.27(13:29)",,"完了","済"," 3. 8.30(15:47)","正常","正常",,,,"－","横井　要"
"258","15180","013","博多ラーメン　はりがね","12","所得税・消費税の納税地の異動又は変更に関する届出書","税務署"," 3. 8.17(09:37)",,"完了","済"," 3. 8.18(18:20)","正常","正常",,,,"－","前田　拓哉"
"259","5121","256","ＴＥＣ２２　株式会社","6","（地方）異動届","広島市"," 3. 7.29(17:04)",,"完了","済"," 3. 8. 2(16:42)","正常","正常",,,,"－","横井　要"
"260","5121","256","ＴＥＣ２２　株式会社","6","（地方）異動届","広島県西部県税事務所（広島）"," 3. 7.29(17:04)",,"完了","済"," 3. 8. 2(16:41)","正常","正常",,,,"－","横井　要"
"261","15180","951","Ｒｅｖｉｎｃｅ","12","給与支払事務所等の開設・移転・廃止届出書","税務署"," 3. 8. 2(09:45)",,"完了","済"," 3. 8. 2(16:41)","正常","正常",,,,"－","三上　貴史"
"262","15180","951","Ｒｅｖｉｎｃｅ","12","所得税・消費税の納税地の異動又は変更に関する届出書","税務署"," 3. 8. 2(09:45)",,"完了","済"," 3. 8. 2(16:41)","正常","正常",,,,"－","三上　貴史"
"263","5121","256","ＴＥＣ２２　株式会社","6","給与支払事務所等の開設・移転・廃止届出書","税務署"," 3. 7.29(17:04)",,"完了","済"," 3. 8. 2(16:41)","正常","正常",,,,"－","横井　要"
"264","5121","256","ＴＥＣ２２　株式会社","6","異動届出書","税務署"," 3. 7.29(17:04)",,"完了","済"," 3. 8. 2(16:41)","正常","正常",,,,"－","横井　要"
"265","5121","951","有限会社　イオン","5","欠損金の繰戻しによる還付請求書","税務署"," 3. 7.28(17:00)",,"完了","済"," 3. 7.30(20:23)","正常","正常",," 3. 7.30",,"－","上畠　達也"
"266","5121","773","株式会社　ミカワ建設","11","（地方）法人設立・設置届出書","広島市"," 3. 7.29(17:42)",,"完了","済"," 3. 7.30(19:57)","正常","正常",,,,"－","岩崎　健大"
"267","5121","773","株式会社　ミカワ建設","11","（地方）法人設立・設置届出書","広島県西部県税事務所（広島）"," 3. 7.29(17:42)",,"完了","済"," 3. 7.30(19:57)","正常","正常",,,,"－","岩崎　健大"
"268","5121","773","株式会社　ミカワ建設","11","源泉所得税の納期の特例の承認に関する申請書","税務署"," 3. 7.29(17:42)",,"完了","済"," 3. 7.30(19:57)","正常","正常",,,,"－","岩崎　健大"
"269","5121","773","株式会社　ミカワ建設","11","青色申告の承認申請書","税務署"," 3. 7.29(17:42)",,"完了","済"," 3. 7.30(19:57)","正常","正常",,,,"－","岩崎　健大"
"270","5121","773","株式会社　ミカワ建設","11","給与支払事務所等の開設・移転・廃止届出書","税務署"," 3. 7.29(17:42)",,"完了","済"," 3. 7.30(19:57)","正常","正常",,,,"－","岩崎　健大"
"271","5121","773","株式会社　ミカワ建設","11","法人設立届出書","税務署"," 3. 7.29(17:42)",,"完了","済"," 3. 7.30(19:57)","正常","正常",,,,"－","岩崎　健大"
"272","99999","700","福山市土地改良区","3","消費税の納税義務者でなくなった旨の届出書","税務署"," 3. 7.28(17:34)",,"完了","済"," 3. 7.30(19:57)","正常","正常",,,,"－","安田　祥英"
"273","15180","247","遠藤電気設備","12","事業廃止届出書（消費税）","税務署"," 3. 7.28(09:32)",,"完了","済"," 3. 7.30(19:57)","正常","正常",,,,"－","奥谷　佐代子"
"274","15180","247","遠藤電気設備","12","個人事業の開業・廃業等届出書","税務署"," 3. 7.28(09:32)",,"完了","済"," 3. 7.30(19:57)","正常","正常",,,,"－","奥谷　佐代子"
"275","5121","121","有限会社　石田鉄工所","5","（金銭交付用）事前確定届出給与に関する届出書","税務署"," 3. 7.28(15:05)",,"完了","済"," 3. 7.30(19:57)","正常","正常",,,,"－","河野　秀太"
"276","5121","875","株式会社　Ｃａｓｔ　ｈａｉｒ　ｄｏｌｌ","7","消費税簡易課税制度選択届出書","税務署"," 3. 7.27(08:49)",,"完了","済"," 3. 7.30(19:57)","正常","正常",,,,"－","斗納　慶明"
"277","5121","155","株式会社　キリタ電工","5","（地方）法人設立・設置届出書","広島市"," 3. 7.27(17:06)",,"完了","済"," 3. 7.30(13:05)","正常","正常",,,,"－","藤本　光丞"
"278","5121","331","株式会社　Ｓｏ－ｋｏ","8","（地方）異動届","海田町"," 3. 7. 6(18:14)",,"完了","済"," 3. 7.30(13:05)","正常","正常",,,,"－","宮奥　千悠"
"279","5121","331","株式会社　Ｓｏ－ｋｏ","8","（地方）異動届","広島県西部県税事務所（広島）"," 3. 7. 6(18:14)",,"完了","済"," 3. 7.30(13:05)","正常","正常",,,,"－","宮奥　千悠"
"280","5121","640","山本電工　合同会社","5","（地方）法人設立・設置届出書","大竹市"," 3. 6.30(18:12)",,"完了","済"," 3. 7.30(13:05)","正常","正常",,,,"－","大野　弘貴"
"281","5121","640","山本電工　合同会社","5","（地方）法人設立・設置届出書","広島県西部県税事務所（廿日市）"," 3. 6.30(18:12)",,"完了","済"," 3. 7.30(13:05)","正常","正常",,,,"－","大野　弘貴"
"282","99999","691","株式会社　ジャムス什設","8","（地方）異動届","広島市"," 3. 7. 2(11:16)",,"完了","済"," 3. 7.30(13:05)","正常","正常",," 3. 7. 2",,"－","二間　晃治"
"283","99999","691","株式会社　ジャムス什設","8","（地方）異動届","広島県西部県税事務所（廿日市）"," 3. 7. 2(11:16)",,"完了","済"," 3. 7.30(13:05)","正常","正常",," 3. 7. 2",,"－","二間　晃治"
"284","15180","090","上野　大輔",,"消費税の納税義務者でなくなった旨の届出書","税務署"," 3. 7. 2(15:24)",,"完了","済"," 3. 7.30(13:05)","正常","正常",,,,"－","胤森　和樹"
"285","5121","155","株式会社　キリタ電工","5","源泉所得税の納期の特例の承認に関する申請書","税務署"," 3. 7.27(17:06)",,"完了","済"," 3. 7.30(13:05)","正常","正常",,,,"－","藤本　光丞"
"286","5121","155","株式会社　キリタ電工","5","青色申告の承認申請書","税務署"," 3. 7.27(17:06)",,"完了","済"," 3. 7.30(13:05)","正常","正常",,,,"－","藤本　光丞"
"287","5121","155","株式会社　キリタ電工","5","給与支払事務所等の開設・移転・廃止届出書","税務署"," 3. 7.27(17:06)",,"完了","済"," 3. 7.30(13:04)","正常","正常",,,,"－","藤本　光丞"
"288","5121","155","株式会社　キリタ電工","5","法人設立届出書","税務署"," 3. 7.27(17:06)",,"完了","済"," 3. 7.30(13:04)","正常","正常",,,,"－","藤本　光丞"
"289","5121","640","山本電工　合同会社","5","減価償却資産の償却方法の届出書","税務署"," 3. 6.30(18:05)",,"完了","済"," 3. 7.30(13:04)","正常","正常",,,,"－","大野　弘貴"
"290","5121","640","山本電工　合同会社","5","棚卸資産の評価方法の届出書","税務署"," 3. 6.30(18:05)",,"完了","済"," 3. 7.30(13:04)","正常","正常",,,,"－","大野　弘貴"
"291","5121","640","山本電工　合同会社","5","源泉所得税の納期の特例の承認に関する申請書","税務署"," 3. 6.30(18:05)",,"完了","済"," 3. 7.30(13:04)","正常","正常",,,,"－","大野　弘貴"
"292","5121","640","山本電工　合同会社","5","青色申告の承認申請書","税務署"," 3. 6.30(18:05)",,"完了","済"," 3. 7.30(13:04)","正常","正常",,,,"－","大野　弘貴"
"293","5121","640","山本電工　合同会社","5","給与支払事務所等の開設・移転・廃止届出書","税務署"," 3. 6.30(18:05)",,"完了","済"," 3. 7.30(13:04)","正常","正常",,,,"－","大野　弘貴"
"294","5121","640","山本電工　合同会社","5","法人設立届出書","税務署"," 3. 6.30(18:13)",,"完了","済"," 3. 7.30(13:04)","正常","正常",,,,"－","大野　弘貴"
"295","15180","075","和田　直樹","12","源泉所得税の納期の特例の承認に関する申請書","税務署"," 3. 7.28(08:46)",,"完了","済"," 3. 7.30(13:04)","正常","正常",,,,"－","横井　要"
"296","15180","075","和田　直樹","12","青色事業専従者給与に関する届出・変更届出書","税務署"," 3. 7.28(08:46)",,"完了","済"," 3. 7.30(13:04)","正常","正常","有",,,"－","横井　要"
"297","15180","075","和田　直樹","12","給与支払事務所等の開設・移転・廃止届出書","税務署"," 3. 7.28(08:46)",,"完了","済"," 3. 7.30(13:04)","正常","正常",,,,"－","横井　要"
"298","5121","331","株式会社　Ｓｏ－ｋｏ","8","源泉所得税の納期の特例の要件に該当しなくなったことの届出書","税務署"," 3. 7.29(11:42)",,"完了","済"," 3. 7.30(13:04)","正常","正常",,,,"－","宮奥　千悠"
"299","5121","785","株式会社　Ｓｏｓｈ　ｉｎｃ．","7","消費税簡易課税制度選択届出書","税務署"," 3. 7.15(08:35)",,"完了","済"," 3. 7.30(13:04)","正常","正常",,,,"－","宮奥　千悠"
"300","5121","682","医療法人　若星会","8","消費税簡易課税制度選択届出書","税務署"," 3. 7.19(20:02)",,"完了","済"," 3. 7.30(13:04)","正常","正常",,,,"－","胤森　和樹"
"301","5121","682","医療法人　若星会","8","消費税課税事業者届出書","税務署"," 3. 7.19(20:02)",,"完了","済"," 3. 7.30(13:03)","正常","正常",,,,"－","胤森　和樹"
"302","5121","471","アイランドステーション株式会社","5","消費税課税事業者届出書","税務署"," 3. 7.29(11:52)",,"完了","済"," 3. 7.30(13:03)","正常","正常",,,,"－","山﨑　智之"
"303","99999","691","株式会社　ジャムス什設","8","異動届出書","税務署"," 3. 7. 2(11:16)",,"完了","済"," 3. 7.30(13:03)","正常","正常",," 3. 7. 2",,"－","二間　晃治"
"304","5121","446","株式会社　眞電","4","（金銭交付用）事前確定届出給与に関する届出書","税務署"," 3. 7.29(18:01)",,"完了","済"," 3. 7.30(13:03)","正常","正常",,,,"－","山田　健司"
"305","15180","323","銀のさら　広島南店","12","令和3年分所得税及び復興特別所得税の予定納税額の7月（11月）減額申請書","税務署"," 3. 7.14(09:33)",,"完了","済"," 3. 7.14(18:51)","正常","正常","有",,,"－","吉田　政偉"
"306","15180","247","遠藤電気設備","12","令和3年分所得税及び復興特別所得税の予定納税額の7月（11月）減額申請書","税務署"," 3. 7. 8(16:46)",,"完了","済"," 3. 7.14(17:21)","正常","正常","有",,,"－","奥谷　佐代子"
"307","15180","239","Ｋ－ライン","12","令和3年分所得税及び復興特別所得税の予定納税額の7月（11月）減額申請書","税務署"," 3. 7. 1(11:35)",,"完了","済"," 3. 7.14(17:21)","正常","正常","有",,,"－","横井　要"
"308","99999","487","Ｓ＆Ｔ","12","令和3年分所得税及び復興特別所得税の予定納税額の7月（11月）減額申請書","税務署"," 3. 7. 7(08:24)",,"完了","済"," 3. 7.14(17:20)","正常","正常","有",,,"－","大野　弘貴"
"309","15180","478","馬越設備","12","令和3年分所得税及び復興特別所得税の予定納税額の7月（11月）減額申請書","税務署"," 3. 7.13(11:37)",,"完了","済"," 3. 7.14(09:14)","正常","正常","有",,,"－","濱田　佳祐"
"310","5121","056","株式会社　Ｒｅｖｉｎｃｅ","5","（地方）異動届","広島市"," 3. 7. 8(14:52)",,"完了","済"," 3. 7.12(10:57)","正常","正常",,,,"－","三上　貴史"
"311","5121","056","株式会社　Ｒｅｖｉｎｃｅ","5","（地方）異動届","広島県西部県税事務所（広島）"," 3. 7. 8(14:53)",,"完了","済"," 3. 7.12(10:57)","正常","正常",,,,"－","三上　貴史"
"312","15180","951","Ｒｅｖｉｎｃｅ","12","給与支払事務所等の開設・移転・廃止届出書","税務署"," 3. 7. 8(13:16)",,"完了","済"," 3. 7.12(10:56)","正常","正常",,,,"－","三上　貴史"
"313","15180","951","Ｒｅｖｉｎｃｅ","12","所得税・消費税の納税地の異動又は変更に関する届出書","税務署"," 3. 7. 8(13:46)",,"完了","済"," 3. 7.12(10:56)","正常","正常",,,,"－","三上　貴史"
"314","5121","056","株式会社　Ｒｅｖｉｎｃｅ","5","給与支払事務所等の開設・移転・廃止届出書","税務署"," 3. 7. 8(15:20)",,"完了","済"," 3. 7.12(10:56)","正常","正常",,,,"－","三上　貴史"
"315","5121","056","株式会社　Ｒｅｖｉｎｃｅ","5","異動届出書","税務署"," 3. 7. 8(14:53)",,"完了","済"," 3. 7.12(10:56)","正常","正常",,,,"－","三上　貴史"
"316","5121","449","株式会社　ＳＡＬＴＹ　ＤＯＧ","3","（地方）法人設立・設置届出書","広島市"," 3. 6.28(19:35)",,"完了","済"," 3. 6.30(15:21)","正常","正常",,,,"－","濱田　佳祐"
"317","5121","449","株式会社　ＳＡＬＴＹ　ＤＯＧ","3","（地方）法人設立・設置届出書","広島県西部県税事務所（広島）"," 3. 6.28(19:35)",,"完了","済"," 3. 6.30(15:21)","正常","正常",,,,"－","濱田　佳祐"
"318","5121","089","株式会社　コンビニア","4","（地方）法人設立・設置届出書","広島市"," 3. 6.30(08:56)",,"完了","済"," 3. 6.30(15:21)","正常","正常",,,,"－","山内　龍輝"
"319","5121","449","株式会社　ＳＡＬＴＹ　ＤＯＧ","3","源泉所得税の納期の特例の承認に関する申請書","税務署"," 3. 6.28(19:18)",,"完了","済"," 3. 6.30(15:21)","正常","正常",,,,"－","濱田　佳祐"
"320","5121","449","株式会社　ＳＡＬＴＹ　ＤＯＧ","3","青色申告の承認申請書","税務署"," 3. 6.28(19:18)",,"完了","済"," 3. 6.30(15:21)","正常","正常",,,,"－","濱田　佳祐"
"321","5121","449","株式会社　ＳＡＬＴＹ　ＤＯＧ","3","給与支払事務所等の開設・移転・廃止届出書","税務署"," 3. 6.28(19:18)",,"完了","済"," 3. 6.30(15:21)","正常","正常",,,,"－","濱田　佳祐"
"322","5121","449","株式会社　ＳＡＬＴＹ　ＤＯＧ","3","法人設立届出書","税務署"," 3. 6.28(19:18)",,"完了","済"," 3. 6.30(15:21)","正常","正常",,,,"－","濱田　佳祐"
"323","5121","089","株式会社　コンビニア","4","消費税課税事業者届出書（特定期間用）","税務署"," 3. 6.30(08:56)",,"完了","済"," 3. 6.30(15:21)","正常","正常",,,,"－","山内　龍輝"
"324","5121","455","有限会社　パーマックドライセンター","6","消費税簡易課税制度選択不適用届出書","税務署"," 3. 6.30(08:32)",,"完了","済"," 3. 6.30(15:21)","正常","正常",," 3. 6.30",,"－","山﨑　智之"
"325","5121","740","有限会社　まんてん企画","3","（金銭交付用）事前確定届出給与に関する届出書","税務署"," 3. 6.23(09:55)",,"完了","済"," 3. 6.30(15:21)","正常","正常",," 3. 6.30",,"－","山﨑　智之"
"326","5121","538","医療法人　弘仁会","3","消費税課税事業者届出書","税務署"," 3. 6.30(09:08)",,"完了","済"," 3. 6.30(15:21)","正常","正常",,,,"－","高橋　健吉"
"327","5121","160","有限会社　タナカ硝子","6","消費税の納税義務者でなくなった旨の届出書","税務署"," 3. 6.30(09:35)",,"完了","済"," 3. 6.30(15:21)","正常","正常",," 3. 6.30",,"－","池上　明日香"
"328","5121","256","ＴＥＣ２２　株式会社","6","消費税簡易課税制度選択不適用届出書","税務署"," 3. 6.29(08:25)",,"完了","済"," 3. 6.30(13:30)","正常","正常",,,,"－","横井　要"
"329","5121","145","有限会社　テクノサプライ","4","消費税の納税義務者でなくなった旨の届出書","税務署"," 3. 6.26(12:43)",,"完了","済"," 3. 6.30(13:30)","正常","正常",,,,"－","木村　大介"
"330","99999","596","株式会社　栄縁","3","（地方）法人設立・設置届出書","広島市"," 3. 5.31(11:33)",,"完了","済"," 3. 6.30(12:41)","正常","正常",,,,"－","河野　秀太"
"331","5121","397","株式会社　建栄","3","（地方）異動届","広島県西部県税事務所（広島）"," 3. 6. 9(08:52)",,"完了","済"," 3. 6.30(12:41)","正常","正常",,,,"－","大野　弘貴"
"332","5121","397","株式会社　建栄","3","（地方）異動届","府中町"," 3. 6. 8(13:27)",,"完了","済"," 3. 6.30(12:41)","正常","正常",,,,"－","大野　弘貴"
"333","5121","835","有限会社　Ｓ・Ｅ・Ｅ・Ｄ総合技建","12","（地方）異動届","広島市"," 3. 6.22(09:05)",,"完了","済"," 3. 6.30(12:41)","正常","正常",,,,"－","山田　健司"
"334","5121","835","有限会社　Ｓ・Ｅ・Ｅ・Ｄ総合技建","12","（地方）異動届","広島県西部県税事務所（広島）"," 3. 6.22(09:05)",,"完了","済"," 3. 6.30(12:41)","正常","正常",,,,"－","山田　健司"
"335","15180","737","渡辺　八栄子",,"源泉所得税の納期の特例の承認に関する申請書","税務署"," 3. 6. 2(09:15)",,"完了","済"," 3. 6.30(12:41)","正常","正常",,,,"－","飛垣内　恵美子"
"336","15180","737","渡辺　八栄子",,"給与支払事務所等の開設・移転・廃止届出書","税務署"," 3. 6. 2(09:15)",,"完了","済"," 3. 6.30(12:40)","正常","正常",,,,"－","飛垣内　恵美子"
"337","5121","397","株式会社　建栄","3","給与支払事務所等の開設・移転・廃止届出書","税務署"," 3. 6. 8(12:18)",,"完了","済"," 3. 6.30(12:40)","正常","正常",,,,"－","大野　弘貴"
"338","5121","397","株式会社　建栄","3","異動届出書","税務署"," 3. 6. 8(13:28)",,"完了","済"," 3. 6.30(12:40)","正常","正常",,,,"－","大野　弘貴"
"339","5121","835","有限会社　Ｓ・Ｅ・Ｅ・Ｄ総合技建","12","異動届出書","税務署"," 3. 6.22(09:05)",,"完了","済"," 3. 6.30(12:40)","正常","正常",,,,"－","山田　健司"
"340","5121","082","有限会社　三興","3","（地方）異動届","広島市"," 3. 5.31(09:17)",,"完了","済"," 3. 5.31(18:45)","正常","正常",,,,"－","塚澤　愛"
"341","5121","082","有限会社　三興","3","（地方）異動届","広島市"," 3. 5.31(09:17)",,"完了","済"," 3. 5.31(18:45)","正常","正常",,,,"－","塚澤　愛"
"342","5121","774","株式会社　いでしたケアサービス","3","（地方）異動届","広島市"," 3. 5.31(11:35)",,"完了","済"," 3. 5.31(18:45)","正常","正常",,,,"－","安田　祥英"
"343","15180","064","ｍａｒｑｕｉｓｅ","12","源泉所得税の納期の特例の承認に関する申請書","税務署"," 3. 5.28(10:34)",,"完了","済"," 3. 5.31(18:45)","正常","正常",,,,"－","奥谷　佐代子"
"344","15180","064","ｍａｒｑｕｉｓｅ","12","給与支払事務所等の開設・移転・廃止届出書","税務署"," 3. 5.28(10:34)",,"完了","済"," 3. 5.31(18:45)","正常","正常",,,,"－","奥谷　佐代子"
"345","15180","017","おんじ内科クリニック","12","所得税の青色申告承認申請書","税務署"," 3. 5.28(11:56)",,"完了","済"," 3. 5.31(18:45)","正常","正常",,,,"－","吉川　知希"
"346","15180","017","おんじ内科クリニック","12","源泉所得税の納期の特例の承認に関する申請書","税務署"," 3. 5.28(11:51)",,"完了","済"," 3. 5.31(18:45)","正常","正常",,,,"－","吉川　知希"
"347","15180","017","おんじ内科クリニック","12","給与支払事務所等の開設・移転・廃止届出書","税務署"," 3. 5.28(11:51)",,"完了","済"," 3. 5.31(18:45)","正常","正常",,,,"－","吉川　知希"
"348","15180","017","おんじ内科クリニック","12","個人事業の開業・廃業等届出書","税務署"," 3. 5.28(11:51)",,"完了","済"," 3. 5.31(18:45)","正常","正常",,,,"－","吉川　知希"
"349","5121","744","加計電装　株式会社","5","消費税課税事業者届出書","税務署"," 3. 5.29(15:47)",,"完了","済"," 3. 5.31(18:45)","正常","正常",,,,"－","岡村　直幸"
"350","5121","744","加計電装　株式会社","5","消費税簡易課税制度選択届出書","税務署"," 3. 5.29(15:47)",,"完了","済"," 3. 5.31(18:45)","正常","正常",,,,"－","岡村　直幸"
"351","5121","533","株式会社　ジェットサービス","5","消費税簡易課税制度選択届出書","税務署"," 3. 5.28(10:48)",,"完了","済"," 3. 5.31(18:44)","正常","正常",,,,"－","越智　俊仁"
"352","5121","827","株式会社　ＪＵＮＳＨＯ","3","消費税の納税義務者でなくなった旨の届出書","税務署"," 3. 5.31(13:14)",,"完了","済"," 3. 5.31(18:44)","正常","正常",,,,"－","年岡　藍子"
"353","5121","478","スリーピース　株式会社","3","（金銭交付用）事前確定届出給与に関する届出書","税務署"," 3. 5.31(13:12)",,"完了","済"," 3. 5.31(18:44)","正常","正常",," 3. 5.31",,"－","二間　晃治"
"354","5121","592","有限会社　踊場","5","消費税簡易課税制度選択届出書","税務署"," 3. 5.31(13:14)",,"完了","済"," 3. 5.31(18:44)","正常","正常",," 3. 5.31",,"－","年岡　藍子"
"355","5121","789","特定非営利活動法人　広島自立支援センターともに","3","消費税簡易課税制度選択届出書","税務署"," 3. 5.31(11:44)",,"完了","済"," 3. 5.31(13:06)","正常","正常",,,,"－","三上　貴史"
"356","5121","664","株式会社　エビス","2","（地方）異動届","広島市"," 3. 5.28(09:56)",,"完了","済"," 3. 5.29(14:14)","正常","正常",,,,"－","横井　要"
"357","5121","664","株式会社　エビス","2","（地方）異動届","広島県西部県税事務所（広島）"," 3. 5.28(09:56)",,"完了","済"," 3. 5.29(14:14)","正常","正常",,,,"－","横井　要"
"358","5121","149","株式会社　五石電設工業","6","（地方）異動届","府中町"," 3. 5.28(11:26)",,"完了","済"," 3. 5.29(14:14)","正常","正常",,,,"－","横井　要"
"359","5121","149","株式会社　五石電設工業","6","（地方）異動届","広島市"," 3. 5.28(11:26)",,"完了","済"," 3. 5.29(14:14)","正常","正常",,,,"－","横井　要"
"360","5121","149","株式会社　五石電設工業","6","（地方）異動届","広島県西部県税事務所（広島）"," 3. 5.28(11:27)",,"完了","済"," 3. 5.29(14:14)","正常","正常",,,,"－","横井　要"
"361","5121","171","株式会社　ティーエムオート","7","（地方）異動届","広島市"," 3. 5.28(10:50)",,"完了","済"," 3. 5.29(14:14)","正常","正常",,,,"－","横井　要"
"362","5121","171","株式会社　ティーエムオート","7","（地方）異動届","広島県西部県税事務所（芸北）"," 3. 5.28(10:50)",,"完了","済"," 3. 5.29(14:14)","正常","正常",,,,"－","横井　要"
"363","5121","664","株式会社　エビス","2","給与支払事務所等の開設・移転・廃止届出書","税務署"," 3. 5.28(09:56)",,"完了","済"," 3. 5.29(14:14)","正常","正常",,,,"－","横井　要"
"364","5121","664","株式会社　エビス","2","異動届出書","税務署"," 3. 5.28(09:56)",,"完了","済"," 3. 5.29(14:14)","正常","正常",,,,"－","横井　要"
"365","15180","074","ＣＡＳＴ　ｈａｉｒ　Ｏｌｅａ","12","所得税の減価償却資産の償却方法の届出書","税務署"," 3. 5.26(11:18)",,"完了","済"," 3. 5.29(14:13)","正常","正常",," 3. 5.31",,"－","吉田　由美"
"366","15180","074","ＣＡＳＴ　ｈａｉｒ　Ｏｌｅａ","12","所得税の棚卸資産の評価方法の届出書","税務署"," 3. 5.26(11:18)",,"完了","済"," 3. 5.29(14:13)","正常","正常",," 3. 5.31",,"－","吉田　由美"
"367","15180","074","ＣＡＳＴ　ｈａｉｒ　Ｏｌｅａ","12","源泉所得税の納期の特例の承認に関する申請書","税務署"," 3. 5.26(11:18)",,"完了","済"," 3. 5.29(14:13)","正常","正常",," 3. 5.31",,"－","吉田　由美"
"368","15180","074","ＣＡＳＴ　ｈａｉｒ　Ｏｌｅａ","12","所得税の青色申告承認申請書","税務署"," 3. 5.26(11:18)",,"完了","済"," 3. 5.29(14:13)","正常","正常",," 3. 5.31",,"－","吉田　由美"
"369","15180","074","ＣＡＳＴ　ｈａｉｒ　Ｏｌｅａ","12","給与支払事務所等の開設・移転・廃止届出書","税務署"," 3. 5.26(11:18)",,"完了","済"," 3. 5.29(14:13)","正常","正常",," 3. 5.31",,"－","吉田　由美"
"370","5121","149","株式会社　五石電設工業","6","給与支払事務所等の開設・移転・廃止届出書","税務署"," 3. 5.28(11:27)",,"完了","済"," 3. 5.29(14:13)","正常","正常",,,,"－","横井　要"
"371","5121","149","株式会社　五石電設工業","6","異動届出書","税務署"," 3. 5.28(11:27)",,"完了","済"," 3. 5.29(14:13)","正常","正常",,,,"－","横井　要"
"372","15180","746","ＡＴＥＮＡ　ＡＶＥＤＡ","12","所得税・消費税の納税地の異動又は変更に関する届出書","税務署"," 3. 5.28(13:27)",,"完了","済"," 3. 5.29(14:13)","正常","正常",,,,"－","高橋　健吉"
"373","5121","171","株式会社　ティーエムオート","7","給与支払事務所等の開設・移転・廃止届出書","税務署"," 3. 5.28(10:43)",,"完了","済"," 3. 5.29(14:13)","正常","正常",,,,"－","横井　要"
"374","5121","171","株式会社　ティーエムオート","7","異動届出書","税務署"," 3. 5.28(10:43)",,"完了","済"," 3. 5.29(14:13)","正常","正常",,,,"－","横井　要"
"375","5121","827","株式会社ミムラスチール","3","（地方）特別徴収義務者の所在地・名称変更届出書","広島市"," 3. 5. 7(11:40)",,"完了","済"," 3. 5.28(13:29)","正常","正常",,,,"－","年岡　藍子"
"376","5121","827","株式会社ミムラスチール","3","（地方）異動届","広島市"," 3. 5. 7(11:40)",,"完了","済"," 3. 5.28(13:29)","正常","正常",,,,"－","年岡　藍子"
"377","5121","827","株式会社ミムラスチール","3","（地方）異動届","広島県西部県税事務所（廿日市）"," 3. 5. 7(11:40)",,"完了","済"," 3. 5.28(13:29)","正常","正常",,,,"－","年岡　藍子"
"378","5121","632","未来夢　株式会社","3","（地方）法人設立・設置届出書","綾川町"," 3. 4.28(13:27)",,"完了","済"," 3. 5.28(13:29)","正常","正常",,,,"－","加藤　雄也"
"379","5121","632","未来夢　株式会社","3","（地方）法人設立・設置届出書","香川県県税事務所"," 3. 4.28(13:27)",,"完了","済"," 3. 5.28(13:29)","正常","正常",,,,"－","加藤　雄也"
"380","5121","217","株式会社　ＮＫ興産","6","（地方）異動届","広島県西部県税事務所（芸北）"," 3. 5.24(18:36)",,"完了","済"," 3. 5.28(13:29)","正常","正常",,,,"－","安田　祥英"
"381","5121","217","株式会社　ＮＫ興産","6","（地方）異動届","広島市"," 3. 5.24(18:36)",,"完了","済"," 3. 5.28(13:29)","正常","正常",,,,"－","安田　祥英"
"382","5121","511","大朝まちづくり　有限会社","3","（地方）異動届","北広島町"," 3. 5. 7(10:10)",,"完了","済"," 3. 5.28(13:29)","正常","正常",,,,"－","安田　祥英"
"383","5121","511","大朝まちづくり　有限会社","3","（地方）異動届","広島県西部県税事務所（芸北）"," 3. 5. 7(10:10)",,"完了","済"," 3. 5.28(13:29)","正常","正常",,,,"－","安田　祥英"
"384","5121","827","株式会社ミムラスチール","3","給与支払事務所等の開設・移転・廃止届出書","税務署"," 3. 5. 7(11:40)",,"完了","済"," 3. 5.28(13:29)","正常","正常",,,,"－","年岡　藍子"
"385","5121","827","株式会社ミムラスチール","3","異動届出書","税務署"," 3. 5. 7(11:40)",,"完了","済"," 3. 5.28(13:29)","正常","正常",,,,"－","年岡　藍子"
"386","5121","170","医療法人　古江中野眼科","3","消費税の納税義務者でなくなった旨の届出書","税務署"," 3. 5.27(09:36)",,"完了","済"," 3. 5.28(13:29)","正常","正常",,,,"－","小林　政則"
"387","5121","425","株式会社　サンキョウ","2","（金銭交付用）事前確定届出給与に関する届出書","税務署"," 3. 5.21(17:16)",,"完了","済"," 3. 5.28(13:28)","正常","正常",," 3. 5.31",,"－","山﨑　智之"
"388","5121","511","大朝まちづくり　有限会社","3","異動届出書","税務署"," 3. 5. 7(10:10)",,"完了","済"," 3. 5.28(13:28)","正常","正常",,,,"－","安田　祥英"
"389","5121","217","株式会社　ＮＫ興産","6","給与支払事務所等の開設・移転・廃止届出書","税務署"," 3. 5.24(18:36)",,"完了","済"," 3. 5.28(13:28)","正常","正常",,,,"－","安田　祥英"
"390","5121","217","株式会社　ＮＫ興産","6","異動届出書","税務署"," 3. 5.24(18:36)",,"完了","済"," 3. 5.28(13:28)","正常","正常",,,,"－","安田　祥英"
"391","5121","748","有限会社　木島商店","3","欠損金の繰戻しによる還付請求書","税務署"," 3. 5.20(16:02)",,"完了","済"," 3. 5.28(13:28)","正常","正常",,,,"－","岡村　直幸"
"392","99999","983","株式会社　デジタルスタジオ","2","（地方）事業所等新設・廃止申告書（事業所税）","福岡市"," 3. 4.28(09:14)",,"完了","済"," 3. 4.30(16:37)","正常","正常",,,,"－","佐々木　博也"
"393","5121","853","アイティーワークス　株式会社","2","（地方）異動届","広島市"," 3. 4.26(11:15)",,"完了","済"," 3. 4.30(16:37)","正常","正常",,,,"－","佐々木　博也"
"394","5121","853","アイティーワークス　株式会社","2","（地方）異動届","広島県西部県税事務所（広島）"," 3. 4.27(13:15)",,"完了","済"," 3. 4.30(16:36)","正常","正常",,,,"－","佐々木　博也"
"395","5121","919","スマートネクスト　株式会社","11","（地方）異動届","広島市"," 3. 4.26(11:22)",,"完了","済"," 3. 4.30(16:36)","正常","正常",,,,"－","佐々木　博也"
"396","5121","919","スマートネクスト　株式会社","11","（地方）異動届","広島県西部県税事務所（広島）"," 3. 4.27(13:18)",,"完了","済"," 3. 4.30(16:36)","正常","正常",,,,"－","佐々木　博也"
"397","5121","668","メディアワークス　株式会社","6","（地方）異動届","広島市"," 3. 4.26(11:19)",,"完了","済"," 3. 4.30(16:36)","正常","正常",,,,"－","佐々木　博也"
"398","5121","668","メディアワークス　株式会社","6","（地方）異動届","広島県西部県税事務所（広島）"," 3. 4.27(13:16)",,"完了","済"," 3. 4.30(16:36)","正常","正常",,,,"－","佐々木　博也"
"399","5121","664","株式会社　エビス","2","（地方）法人設立・設置届出書","広島市"," 3. 4.23(18:50)",,"完了","済"," 3. 4.30(16:36)","正常","正常",,,,"－","横井　要"
"400","5121","664","株式会社　エビス","2","（地方）法人設立・設置届出書","広島県西部県税事務所（広島）"," 3. 4.23(18:50)",,"完了","済"," 3. 4.30(16:36)","正常","正常",,,,"－","横井　要"
"401","5121","852","株式会社　真尚興業","2","（地方）異動届","広島市"," 3. 4.27(11:11)",,"完了","済"," 3. 4.30(16:36)","正常","正常",,,,"－","横井　要"
"402","5121","852","株式会社　真尚興業","2","（地方）異動届","広島県西部県税事務所（広島）"," 3. 4.27(11:12)",,"完了","済"," 3. 4.30(16:36)","正常","正常",,,,"－","横井　要"
"403","5121","664","株式会社　エビス","2","源泉所得税の納期の特例の承認に関する申請書","税務署"," 3. 4.23(18:49)",,"完了","済"," 3. 4.30(16:35)","正常","正常",,,,"－","横井　要"
"404","5121","664","株式会社　エビス","2","青色申告の承認申請書","税務署"," 3. 4.23(18:49)",,"完了","済"," 3. 4.30(16:35)","正常","正常",,,,"－","横井　要"
"405","5121","664","株式会社　エビス","2","給与支払事務所等の開設・移転・廃止届出書","税務署"," 3. 4.23(18:49)",,"完了","済"," 3. 4.30(16:35)","正常","正常",,,,"－","横井　要"
"406","5121","664","株式会社　エビス","2","法人設立届出書","税務署"," 3. 4.23(18:50)",,"完了","済"," 3. 4.30(16:35)","正常","正常",,,,"－","横井　要"
"407","5121","852","株式会社　真尚興業","2","給与支払事務所等の開設・移転・廃止届出書","税務署"," 3. 4.27(11:12)",,"完了","済"," 3. 4.30(16:35)","正常","正常",,,,"－","横井　要"
"408","5121","852","株式会社　真尚興業","2","異動届出書","税務署"," 3. 4.27(11:12)",,"完了","済"," 3. 4.30(16:35)","正常","正常",,,,"－","横井　要"
"409","5121","853","アイティーワークス　株式会社","2","給与支払事務所等の開設・移転・廃止届出書","税務署"," 3. 4.27(08:33)",,"完了","済"," 3. 4.30(16:35)","正常","正常",,,,"－","佐々木　博也"
"410","5121","853","アイティーワークス　株式会社","2","異動届出書","税務署"," 3. 4.26(11:15)",,"完了","済"," 3. 4.30(16:35)","正常","正常",,,,"－","佐々木　博也"
"411","5121","919","スマートネクスト　株式会社","11","給与支払事務所等の開設・移転・廃止届出書","税務署"," 3. 4.26(11:22)",,"完了","済"," 3. 4.30(16:35)","正常","正常",,,,"－","佐々木　博也"
"412","5121","919","スマートネクスト　株式会社","11","異動届出書","税務署"," 3. 4.26(11:22)",,"完了","済"," 3. 4.30(16:35)","正常","正常",,,,"－","佐々木　博也"
"413","5121","668","メディアワークス　株式会社","6","給与支払事務所等の開設・移転・廃止届出書","税務署"," 3. 4.26(11:19)",,"完了","済"," 3. 4.30(16:35)","正常","正常",,,,"－","佐々木　博也"
"414","5121","668","メディアワークス　株式会社","6","異動届出書","税務署"," 3. 4.26(11:19)",,"完了","済"," 3. 4.30(16:35)","正常","正常",,,,"－","佐々木　博也"
"415","5121","923","株式会社　プラスｅ","2","（地方）法人設立・設置届出書","広島市"," 3. 4.27(14:59)",,"完了","済"," 3. 4.30(10:43)","正常","正常",,,,"－","奥谷　佐代子"
"416","5121","923","株式会社　プラスｅ","2","（地方）法人設立・設置届出書","広島県西部県税事務所（広島）"," 3. 4.27(14:59)",,"完了","済"," 3. 4.30(10:43)","正常","正常",,,,"－","奥谷　佐代子"
"417","5121","923","株式会社　プラスｅ","2","源泉所得税の納期の特例の承認に関する申請書","税務署"," 3. 4.27(14:59)",,"完了","済"," 3. 4.30(10:43)","正常","正常",,,,"－","奥谷　佐代子"
"418","5121","923","株式会社　プラスｅ","2","青色申告の承認申請書","税務署"," 3. 4.27(14:59)",,"完了","済"," 3. 4.30(10:43)","正常","正常",,,,"－","奥谷　佐代子"
"419","5121","923","株式会社　プラスｅ","2","給与支払事務所等の開設・移転・廃止届出書","税務署"," 3. 4.27(14:59)",,"完了","済"," 3. 4.30(10:43)","正常","正常",,,,"－","奥谷　佐代子"
"420","5121","923","株式会社　プラスｅ","2","法人設立届出書","税務署"," 3. 4.27(14:59)",,"完了","済"," 3. 4.30(10:42)","正常","正常",,,,"－","奥谷　佐代子"
"421","5121","314","アイズ株式会社","2","消費税課税事業者届出書","税務署"," 3. 4.27(14:02)",,"完了","済"," 3. 4.30(10:42)","正常","正常",,,,"－","菊池　未紗"
"422","5121","392","株式会社　はる整骨院","11","（地方）異動届","広島市"," 3. 4.13(16:56)",,"完了","済"," 3. 4.27(20:25)","正常","正常",,,,"－","濱田　佳祐"
"423","5121","392","株式会社　はる整骨院","11","（地方）異動届","広島県西部県税事務所（広島）"," 3. 4.13(16:56)",,"完了","済"," 3. 4.27(20:25)","正常","正常",,,,"－","濱田　佳祐"
"424","5121","286","株式会社　環境開発公社","8","（地方）異動届","沖縄県那覇県税事務所"," 3. 4.19(09:08)",,"完了","済"," 3. 4.27(20:25)","正常","正常",,,,"－","山田　健司"
"425","5121","286","株式会社　環境開発公社","8","（地方）異動届","浦添市"," 3. 4.19(09:09)",,"完了","済"," 3. 4.27(20:25)","正常","正常",,,,"－","山田　健司"
"426","5121","392","株式会社　はる整骨院","11","給与支払事務所等の開設・移転・廃止届出書","税務署"," 3. 4.13(16:56)",,"完了","済"," 3. 4.27(20:24)","正常","正常",,,,"－","濱田　佳祐"
"427","5121","392","株式会社　はる整骨院","11","異動届出書","税務署"," 3. 4.13(16:56)",,"完了","済"," 3. 4.27(20:24)","正常","正常",,,,"－","濱田　佳祐"
"428","15180","656","中新蔵","12","源泉所得税の納期の特例の承認に関する申請書","税務署"," 3. 4.22(16:46)",,"完了","済"," 3. 4.27(20:24)","正常","正常",,,,"－","三上　貴史"
"429","5121","818","ＦＩＸＥＲ　株式会社","2","（地方）法人設立・設置届出書","広島市"," 3. 4.16(10:10)",,"完了","済"," 3. 4.22(08:43)","正常","正常",,,,"－","岩崎　健大"
"430","5121","818","ＦＩＸＥＲ　株式会社","2","（地方）法人設立・設置届出書","広島県西部県税事務所（広島）"," 3. 4.16(10:10)",,"完了","済"," 3. 4.22(08:42)","正常","正常",,,,"－","岩崎　健大"
"431","5121","818","ＦＩＸＥＲ　株式会社","2","源泉所得税の納期の特例の承認に関する申請書","税務署"," 3. 4. 6(14:09)",,"完了","済"," 3. 4.22(08:42)","正常","正常",,,,"－","岩崎　健大"
"432","5121","818","ＦＩＸＥＲ　株式会社","2","青色申告の承認申請書","税務署"," 3. 4.16(10:10)",,"完了","済"," 3. 4.22(08:42)","正常","正常",,,,"－","岩崎　健大"
"433","5121","818","ＦＩＸＥＲ　株式会社","2","給与支払事務所等の開設・移転・廃止届出書","税務署"," 3. 4. 6(14:09)",,"完了","済"," 3. 4.22(08:42)","正常","正常",,,,"－","岩崎　健大"
"434","5121","818","ＦＩＸＥＲ　株式会社","2","法人設立届出書","税務署"," 3. 4.19(09:48)",,"完了","済"," 3. 4.22(08:42)","正常","正常",,,,"－","岩崎　健大"
"435","15180","323","銀のさら　広島南店","12","個人事業の開業・廃業等届出書","税務署"," 3. 4.21(09:08)",,"完了","済"," 3. 4.22(08:42)","正常","正常",,,,"－","吉田　政偉"
"436","5121","086","福庭　修二",,"消費税課税事業者届出書","税務署"," 3. 4.15(18:15)",,"完了","済"," 3. 4.15(18:24)","正常","正常","有",,,"－","木村　大介"
"437","99999","475","狩野　祥子",,"所得税の青色申告承認申請書","税務署"," 3. 3. 4(11:02)",,"完了","済"," 3. 4.15(17:19)","正常","正常",,,,"－","林谷　紘佑"
"438","5121","373","木村　敦子",,"消費税課税事業者届出書（相続・合併・分割等により提出する場合）","税務署"," 3. 3.10(20:33)",,"完了","済"," 3. 4.15(17:18)","正常","正常","有",,,"－","河野　秀太"
"439","99999","487","Ｓ＆Ｔ","12","事業廃止届出書（消費税）","税務署"," 3. 4. 7(09:23)",,"完了","済"," 3. 4.15(17:18)","正常","正常",,,,"－","大野　弘貴"
"440","99999","487","Ｓ＆Ｔ","12","個人事業の開業・廃業等届出書","税務署"," 3. 4. 7(09:23)",,"完了","済"," 3. 4.15(17:18)","正常","正常",,,,"－","大野　弘貴"
"441","99999","195","佐藤　政和","12","所得税・消費税の納税地の異動又は変更に関する届出書","税務署"," 3. 4.15(09:22)",,"完了","済"," 3. 4.15(17:18)","正常","正常",,,,"－","船岡　亮輔"
"442","15180","168","ロードサービスオカモト","12","消費税の納税義務者でなくなった旨の届出書","税務署"," 3. 4.14(15:08)",,"完了","済"," 3. 4.14(20:47)","正常","正常",," 3. 4.14",,"－","佐々木　博也"
"443","5121","833","株式会社　ワークテール","9","（地方）法人設立・設置届出書","広島市"," 3. 4.12(08:33)",,"完了","済"," 3. 4.14(17:43)","正常","正常",,,,"－","岩崎　健大"
"444","5121","833","株式会社　ワークテール","9","（地方）法人設立・設置届出書","広島県西部県税事務所（広島）"," 3. 4.12(08:33)",,"完了","済"," 3. 4.14(17:43)","正常","正常",,,,"－","岩崎　健大"
"445","99999","475","植田　幸徳",,"所得税の青色申告承認申請書","税務署"," 3. 4. 9(16:53)",,"完了","済"," 3. 4.14(17:43)","正常","正常",," 3. 4.15",,"－","林谷　紘佑"
"446","5121","833","株式会社　ワークテール","9","源泉所得税の納期の特例の承認に関する申請書","税務署"," 3. 4. 6(14:15)",,"完了","済"," 3. 4.14(17:43)","正常","正常",,,,"－","岩崎　健大"
"447","5121","833","株式会社　ワークテール","9","青色申告の承認申請書","税務署"," 3. 4.12(08:33)",,"完了","済"," 3. 4.14(17:43)","正常","正常",,,,"－","岩崎　健大"
"448","5121","833","株式会社　ワークテール","9","給与支払事務所等の開設・移転・廃止届出書","税務署"," 3. 4. 6(14:15)",,"完了","済"," 3. 4.14(17:43)","正常","正常",,,,"－","岩崎　健大"
"449","5121","833","株式会社　ワークテール","9","法人設立届出書","税務署"," 3. 4.13(10:09)",,"完了","済"," 3. 4.14(17:43)","正常","正常",,,,"－","岩崎　健大"
"450","15180","048","炭焼ｄｉｎｉｎｇ　ぼちぼち","12","所得税の減価償却資産の償却方法の届出書","税務署"," 3. 4.13(17:34)",,"完了","済"," 3. 4.14(17:43)","正常","正常",," 3. 4.30",,"－","上畠　達也"
"451","99999","463","松岡　美穂子","12","青色事業専従者給与に関する届出・変更届出書","税務署"," 3. 4.13(10:07)",,"完了","済"," 3. 4.14(17:43)","正常","正常","有",,,"－","越智　俊仁"
"452","15180","013","博多ラーメン　はりがね","12","所得税・消費税の納税地の異動又は変更に関する届出書","税務署"," 3. 4. 9(17:16)",,"完了","済"," 3. 4.14(17:42)","正常","正常",,,,"－","前田　拓哉"
"453","5121","843","株式会社　かもめトランスポート","6","（地方）法人設立・設置届出書","広島市"," 3. 4. 9(09:44)",,"完了","済"," 3. 4.13(18:09)","正常","正常",,,,"－","佐々木　渉"
"454","5121","843","株式会社　かもめトランスポート","6","（地方）法人設立・設置届出書","広島県西部県税事務所（廿日市）"," 3. 4. 9(09:44)",,"完了","済"," 3. 4.13(18:09)","正常","正常",,,,"－","佐々木　渉"
"455","5121","843","株式会社　かもめトランスポート","6","源泉所得税の納期の特例の承認に関する申請書","税務署"," 3. 4. 9(09:44)",,"完了","済"," 3. 4.13(18:08)","正常","正常",,,,"－","佐々木　渉"
"456","5121","843","株式会社　かもめトランスポート","6","青色申告の承認申請書","税務署"," 3. 4. 9(10:03)",,"完了","済"," 3. 4.13(18:08)","正常","正常",,,,"－","佐々木　渉"
"457","5121","843","株式会社　かもめトランスポート","6","給与支払事務所等の開設・移転・廃止届出書","税務署"," 3. 4. 9(09:44)",,"完了","済"," 3. 4.13(18:08)","正常","正常",,,,"－","佐々木　渉"
"458","5121","843","株式会社　かもめトランスポート","6","法人設立届出書","税務署"," 3. 4. 9(09:44)",,"完了","済"," 3. 4.13(18:08)","正常","正常",,,,"－","佐々木　渉"
"459","15180","921","ｍｏｃｈａ　ｃｈｉｐ","12","所得税の青色申告承認申請書","税務署"," 3. 2.10(10:50)",,"完了","済"," 3. 4.13(18:08)","正常","正常",,,,"－","宮奥　千悠"
"460","15180","931","三和塗装","12","所得税・消費税の納税地の異動又は変更に関する届出書","税務署"," 3. 4.12(17:27)",,"完了","済"," 3. 4.13(18:08)","正常","正常",,,,"－","大野　弘貴"
"461","15180","051","藤川工業","12","消費税課税事業者届出書","税務署"," 3. 3.27(16:37)",,"完了","済"," 3. 4. 9(15:52)","正常","正常","有"," 3. 3.31",,"－","岡本　拓"
"462","15180","023","瀬田　五明","12","所得税・消費税の納税地の異動又は変更に関する届出書","税務署"," 3. 3.29(16:34)",,"完了","済"," 3. 4. 9(15:52)","正常","正常",,,,"－","山田　健司"
"463","15180","538","ＣＵＣＩＮＡ　ＭＯＮＯ","12","青色事業専従者給与に関する届出・変更届出書","税務署"," 3. 4. 1(18:22)",,"完了","済"," 3. 4. 9(15:52)","正常","正常","有",,,"－","川口　祐汰"
"464","5121","655","ＥＹＬ　合同会社","1","（地方）法人設立・設置届出書","広島市"," 3. 4. 7(15:43)",,"完了","済"," 3. 4. 8(09:55)","正常","正常",,,,"－","斗納　慶明"
"465","5121","655","ＥＹＬ　合同会社","1","（地方）法人設立・設置届出書","広島県西部県税事務所（広島）"," 3. 4. 7(15:43)",,"完了","済"," 3. 4. 8(09:54)","正常","正常",,,,"－","斗納　慶明"
"466","5121","655","ＥＹＬ　合同会社","1","青色申告の承認申請書","税務署"," 3. 4. 7(15:43)",,"完了","済"," 3. 4. 8(09:54)","正常","正常",,,,"－","斗納　慶明"
"467","5121","655","ＥＹＬ　合同会社","1","法人設立届出書","税務署"," 3. 4. 7(15:43)",,"完了","済"," 3. 4. 8(09:54)","正常","正常",,,,"－","斗納　慶明"
"468","5121","250","医療法人　臨研会","3","災害による申告、納付等の期限延長申請書","税務署"," 3. 4. 7(20:23)",,"完了","済"," 3. 4. 7(20:38)","正常","正常",,,"○","－","胤森　和樹"
"469","5121","250","医療法人　臨研会","3","源泉所得税の納期の特例の承認に関する申請書","税務署"," 3. 4. 7(20:23)",,"完了","済"," 3. 4. 7(20:38)","正常","正常",,,,"－","胤森　和樹"
"470","5121","250","医療法人　臨研会","3","青色申告の承認申請書","税務署"," 3. 4. 7(20:23)",,"完了","済"," 3. 4. 7(20:38)","正常","正常",,,"○","－","胤森　和樹"
"471","5121","250","医療法人　臨研会","3","給与支払事務所等の開設・移転・廃止届出書","税務署"," 3. 4. 7(20:23)",,"完了","済"," 3. 4. 7(20:38)","正常","正常",,,,"－","胤森　和樹"
"472","5121","250","医療法人　臨研会","3","法人設立届出書","税務署"," 3. 4. 7(20:23)",,"完了","済"," 3. 4. 7(20:38)","正常","正常",,,,"－","胤森　和樹"
"473","5121","250","医療法人　臨研会","3","（地方）法人設立・設置届出書","安芸高田市"," 3. 4. 7(09:27)",,"完了","済"," 3. 4. 7(20:04)","正常","正常",,,,"－","胤森　和樹"
"474","5121","250","医療法人　臨研会","3","（地方）法人設立・設置届出書","広島県西部県税事務所（芸北）"," 3. 4. 7(09:27)",,"完了","済"," 3. 4. 7(20:04)","正常","正常",,,,"－","胤森　和樹"
"475","5121","655","ＥＹＬ　合同会社","1","（地方）法人設立・設置届出書","広島市"," 3. 4. 6(09:16)",,"完了","済"," 3. 4. 6(16:47)","正常","正常",,,"○","－","斗納　慶明"
"476","5121","655","ＥＹＬ　合同会社","1","（地方）法人設立・設置届出書","広島県西部県税事務所（広島）"," 3. 4. 6(09:16)",,"完了","済"," 3. 4. 6(16:47)","正常","正常",,,"○","－","斗納　慶明"
"477","5121","655","ＥＹＬ　合同会社","1","源泉所得税の納期の特例の承認に関する申請書","税務署"," 3. 4. 6(09:16)",,"完了","済"," 3. 4. 6(16:47)","正常","正常",,,"○","－","斗納　慶明"
"478","5121","655","ＥＹＬ　合同会社","1","青色申告の承認申請書","税務署"," 3. 4. 6(09:16)",,"完了","済"," 3. 4. 6(16:47)","正常","正常",,,"○","－","斗納　慶明"
"479","5121","655","ＥＹＬ　合同会社","1","給与支払事務所等の開設・移転・廃止届出書","税務署"," 3. 4. 6(09:16)",,"完了","済"," 3. 4. 6(16:47)","正常","正常",,,"○","－","斗納　慶明"
"480","5121","655","ＥＹＬ　合同会社","1","法人設立届出書","税務署"," 3. 4. 6(09:16)",,"完了","済"," 3. 4. 6(16:47)","正常","正常",,,"○","－","斗納　慶明"
"481","99999","390","土井　正男",,"所得税の青色申告承認申請書","税務署"," 3. 4. 2(16:46)",,"完了","済"," 3. 4. 2(19:48)","正常","正常",," 3. 4.15",,"－",
"482","15180","394","四季彩酒膳　げんや","12","純損失の金額の繰戻しによる所得税の還付請求書","税務署"," 3. 4. 1(11:36)",,"完了","済"," 3. 4. 2(19:48)","正常","正常",,,,"－","菊池　未紗"
"483","15180","607","直ちゃん本店","12","消費税の納税義務者でなくなった旨の届出書","税務署"," 3. 3.31(18:51)",,"完了","済"," 3. 4. 1(15:05)","正常","正常",,,,"－","野中　理絵"
"484","15180","536","鮨　喰切り　すし久　ｓｕｓｈｉ　ｋｙｕ","12","消費税の納税義務者でなくなった旨の届出書","税務署"," 3. 3.31(19:09)",,"完了","済"," 3. 4. 1(15:04)","正常","正常",,,,"－","大神　浩央"
"485","5121","529","株式会社　Ｌａｕｇｈ","1","（地方）特別徴収義務者の所在地・名称変更届出書","広島市"," 3. 3.16(09:48)",,"完了","済"," 3. 4. 1(09:44)","正常","正常",,,,"－","加藤　雄也"
"486","5121","529","株式会社　Ｌａｕｇｈ","1","（地方）異動届","広島市"," 3. 3.16(09:48)",,"完了","済"," 3. 4. 1(09:44)","正常","正常",,,,"－","加藤　雄也"
"487","5121","529","株式会社　Ｌａｕｇｈ","1","（地方）異動届","広島県西部県税事務所（広島）"," 3. 3.16(09:48)",,"完了","済"," 3. 4. 1(09:44)","正常","正常",,,,"－","加藤　雄也"
"488","15180","821","工藤興業","12","給与支払事務所等の開設・移転・廃止届出書","税務署"," 3. 3.31(09:20)",,"完了","済"," 3. 4. 1(09:44)","正常","正常",,,,"－","大野　弘貴"
"489","5121","529","株式会社　Ｌａｕｇｈ","1","給与支払事務所等の開設・移転・廃止届出書","税務署"," 3. 3.16(09:48)",,"完了","済"," 3. 4. 1(09:44)","正常","正常",,,,"－","加藤　雄也"
"490","5121","529","株式会社　Ｌａｕｇｈ","1","異動届出書","税務署"," 3. 3.16(09:48)",,"完了","済"," 3. 4. 1(09:44)","正常","正常",,,,"－","加藤　雄也"
"491","99999","980","有限会社　アイムシステム研究所","3","消費税簡易課税制度選択不適用届出書","税務署"," 3. 3.31(10:41)",,"完了","済"," 3. 3.31(18:45)","正常","正常",,,,"－","岩崎　健大"
"492","15180","237","大塚歯科－あいりす－","12","青色事業専従者給与に関する届出・変更届出書","税務署"," 3. 3.15(20:36)",,"完了","済"," 3. 3.31(18:45)","正常","正常","有",,,"－","吉川　知希"
"493","15180","237","大塚歯科－あいりす－","12","消費税の納税義務者でなくなった旨の届出書","税務署"," 3. 3.15(20:36)",,"完了","済"," 3. 3.31(18:45)","正常","正常",,,,"－","吉川　知希"
"494","15180","707","あいあい歯科クリニック","12","消費税の納税義務者でなくなった旨の届出書","税務署"," 3. 3.17(19:39)",,"完了","済"," 3. 3.31(18:45)","正常","正常",,,,"－","胤森　和樹"
"495","15180","707","あいあい歯科クリニック","12","所得税・消費税の納税地の異動又は変更に関する届出書","税務署"," 3. 3.17(19:07)",,"完了","済"," 3. 3.31(18:45)","正常","正常",,,,"－","胤森　和樹"
"496","15180","113","エリーロンドン大町店","12","所得税・消費税の納税地の異動又は変更に関する届出書","税務署"," 3. 3.31(08:37)",,"完了","済"," 3. 3.31(18:45)","正常","正常",," 3. 3.31",,"－","吉田　由美"
"497","5121","050","湯浅　茂樹",,"消費税簡易課税制度選択届出書","税務署"," 3. 3.31(09:12)",,"完了","済"," 3. 3.31(11:27)","正常","正常",,,,"－","大神　浩央"
"498","5121","050","湯浅　茂樹",,"消費税課税事業者届出書","税務署"," 3. 3.31(09:12)",,"完了","済"," 3. 3.31(11:27)","正常","正常","有",,,"－","大神　浩央"
"499","5121","414","株式会社　九頭龍","3","青色申告の承認申請書","税務署"," 3. 3.30(08:20)",,"完了","済"," 3. 3.31(11:27)","正常","正常",,,,"－","増田　健司"
"500","15180","811","Ｃｈｉｐｉｅ","12","消費税課税事業者届出書","税務署"," 3. 3.13(11:20)",,"完了","済"," 3. 3.31(11:27)","正常","正常","有",,,"－","三上　貴史"
"501","15180","693","しみずハート内科クリニック","12","所得税・消費税の納税地の異動又は変更に関する届出書","税務署"," 3. 3.31(08:45)",,"完了","済"," 3. 3.31(11:27)","正常","正常",,,,"－","小林　政則"
"502","99999","475","錦織　沙絢",,"所得税の青色申告承認申請書","税務署"," 3. 3.19(08:18)",,"完了","済"," 3. 3.30(21:47)","正常","正常",,,,"－","林谷　紘佑"
"503","15180","737","渡辺　八栄子",,"所得税の青色申告承認申請書","税務署"," 3. 3.24(09:25)",,"完了","済"," 3. 3.30(21:47)","正常","正常",,,,"－","飛垣内　恵美子"
"504","15180","737","渡辺　八栄子",,"個人事業の開業・廃業等届出書","税務署"," 3. 3.23(12:08)",,"完了","済"," 3. 3.30(21:47)","正常","正常",,,,"－","飛垣内　恵美子"
"505","15180","737","渡辺　八栄子",,"個人事業者の死亡届出書（消費税）","税務署"," 3. 3.23(11:58)",,"完了","済"," 3. 3.30(21:47)","正常","正常",,,,"－","飛垣内　恵美子"
"506","15180","561","林　和子",,"所得税の青色申告承認申請書","税務署"," 3. 3.22(12:26)",,"完了","済"," 3. 3.30(21:47)","正常","正常",,,,"－","小林　政則"
"507","15180","821","工藤興業","12","所得税の減価償却資産の償却方法の届出書","税務署"," 3. 3.16(10:12)",,"完了","済"," 3. 3.30(21:47)","正常","正常",,,,"－","大野　弘貴"
"508","99999","451","松下　英司","12","消費税課税事業者届出書","税務署"," 3. 3. 3(10:53)",,"完了","済"," 3. 3.30(21:47)","正常","正常","有",,,"－","奥谷　佐代子"
"509","15180","374","焼肉　きたじま","12","消費税課税事業者選択不適用届出書","税務署"," 3. 3.20(16:47)",,"完了","済"," 3. 3.30(21:47)","正常","正常",,,,"－","岡本　拓"
"510","15180","374","焼肉　きたじま","12","消費税課税事業者届出書","税務署"," 3. 3. 8(20:49)",,"完了","済"," 3. 3.30(21:47)","正常","正常","有",,,"－","岡本　拓"
"511","15180","512","ｆｒａｃｔａｌ","12","所得税・消費税の納税地の異動又は変更に関する届出書","税務署"," 3. 3.15(12:24)",,"完了","済"," 3. 3.30(21:47)","正常","正常",,,,"－","斗納　慶明"
"512","15180","625","Ｓｐａｒｒｏｗ","12","消費税の納税義務者でなくなった旨の届出書","税務署"," 3. 3. 5(15:58)",,"完了","済"," 3. 3.30(21:47)","正常","正常",,,,"－","飛垣内　恵美子"
"513","15180","737","渡辺建工","12","給与支払事務所等の開設・移転・廃止届出書","税務署"," 3. 3.23(11:37)",,"完了","済"," 3. 3.30(21:47)","正常","正常",,,,"－","飛垣内　恵美子"
"514","15180","737","渡辺建工","12","所得税の青色申告の取りやめ届出書","税務署"," 3. 3.23(11:37)",,"完了","済"," 3. 3.30(21:47)","正常","正常",,,,"－","飛垣内　恵美子"
"515","15180","737","渡辺建工","12","個人事業の開業・廃業等届出書","税務署"," 3. 3.23(11:37)",,"完了","済"," 3. 3.30(21:47)","正常","正常",,,,"－","飛垣内　恵美子"
"516","15180","737","渡辺建工","12","事業廃止届出書（消費税）","税務署"," 3. 3.23(11:37)",,"完了","済"," 3. 3.30(21:47)","正常","正常",,,,"－","飛垣内　恵美子"
"517","15180","393","とよた歯科","12","消費税の納税義務者でなくなった旨の届出書","税務署"," 3. 3.14(17:05)",,"完了","済"," 3. 3.30(21:47)","正常","正常",,,,"－","河野　秀太"
"518","15180","928","健星工業","12","消費税の納税義務者でなくなった旨の届出書","税務署"," 3. 3. 9(18:29)",,"完了","済"," 3. 3.30(21:47)","正常","正常",,,,"－","高橋　健吉"
"519","15180","964","浅川歯科医院","12","消費税課税事業者届出書","税務署"," 3. 3.11(21:00)",,"完了","済"," 3. 3.30(21:47)","正常","正常","有",,,"－","胤森　和樹"
"520","15180","855","鉄板焼　しんご","12","消費税の納税義務者でなくなった旨の届出書","税務署"," 3. 3.18(14:11)",,"完了","済"," 3. 3.30(21:46)","正常","正常",,,,"－","大野　弘貴"
"521","5121","942","株式会社　雅興業","12","（地方）法人設立・設置届出書","広島市"," 3. 3.25(10:15)",,"完了","済"," 3. 3.30(21:38)","正常","正常",," 3. 3.25",,"－","大野　弘貴"
"522","5121","942","株式会社　雅興業","12","（地方）法人設立・設置届出書","広島県西部県税事務所（広島）"," 3. 3.25(10:15)",,"完了","済"," 3. 3.30(21:38)","正常","正常",," 3. 3.25",,"－","大野　弘貴"
"523","5121","120","田口　幹泰",,"消費税簡易課税制度選択届出書","税務署"," 3. 3. 6(15:53)",,"完了","済"," 3. 3.30(21:38)","正常","正常",," 3.12.31",,"－","山﨑　智之"
"524","5121","942","株式会社　雅興業","12","青色申告の承認申請書","税務署"," 3. 3.25(10:15)",,"完了","済"," 3. 3.30(21:38)","正常","正常",," 3. 3.25",,"－","大野　弘貴"
"525","5121","942","株式会社　雅興業","12","給与支払事務所等の開設・移転・廃止届出書","税務署"," 3. 3.23(08:44)",,"完了","済"," 3. 3.30(21:38)","正常","正常",," 3. 3.25",,"－","大野　弘貴"
"526","5121","942","株式会社　雅興業","12","法人設立届出書","税務署"," 3. 3.23(08:44)",,"完了","済"," 3. 3.30(21:38)","正常","正常",," 3. 3.25",,"－","大野　弘貴"
"527","15180","249","Ｂａｋｅｒｙ　Ｒｉｓｅ","12","消費税の納税義務者でなくなった旨の届出書","税務署"," 3. 3.11(09:16)",,"完了","済"," 3. 3.30(21:37)","正常","正常",,,,"－","川口　祐汰"
"528","15180","098","お好み焼き　ぷう","12","青色事業専従者給与に関する届出・変更届出書","税務署"," 3. 3.12(11:47)",,"完了","済"," 3. 3.30(21:37)","正常","正常","有",,,"－","年岡　藍子"
"529","15180","079","三宅工務店","12","消費税の納税義務者でなくなった旨の届出書","税務署"," 3. 3. 8(17:57)",,"完了","済"," 3. 3.30(21:37)","正常","正常",,,,"－","飛垣内　恵美子"
"530","15180","346","タカキホームサービス","12","消費税の納税義務者でなくなった旨の届出書","税務署"," 3. 3. 6(19:14)",,"完了","済"," 3. 3.30(21:37)","正常","正常",,,,"－","菊池　未紗"
"531","5121","039","有限会社　土井電機制御","3","消費税簡易課税制度選択不適用届出書","税務署"," 3. 3.26(21:27)",,"完了","済"," 3. 3.30(21:37)","正常","正常",,,"○","－","安田　祥英"
"532","15180","351","クロスロード","12","消費税の納税義務者でなくなった旨の届出書","税務署"," 3. 3.12(15:17)",,"完了","済"," 3. 3.30(21:37)","正常","正常",,,,"－","吉川　知希"
"533","15180","874","山本電工","12","消費税簡易課税制度選択届出書","税務署"," 3. 3.18(08:22)",,"完了","済"," 3. 3.18(08:49)","正常","正常",,,,"－","大野　弘貴"
"534","99999","487","Ｓ＆Ｔ","12","消費税簡易課税制度選択届出書","税務署"," 3. 3.18(08:24)",,"完了","済"," 3. 3.18(08:49)","正常","正常",,,,"－","大野　弘貴"
"535","5121","730","田邉　朋子",,"所得税・消費税の納税地の異動又は変更に関する届出書","税務署"," 3. 3.12(11:33)",,"完了","済"," 3. 3.13(18:07)","正常","正常",,,,"－","山﨑　智之"
"536","5121","224","渡邊　紀晶",,"所得税・消費税の納税地の異動又は変更に関する届出書","税務署"," 3. 3.11(19:31)",,"完了","済"," 3. 3.13(18:07)","正常","正常",,,,"－","山田　健司"
"537","15180","090","上野歯科医院","12","消費税簡易課税制度選択届出書","税務署"," 3. 3.12(13:02)",,"完了","済"," 3. 3.13(18:07)","正常","正常",,,,"－","胤森　和樹"
"538","15180","090","上野歯科医院","12","消費税課税事業者届出書","税務署"," 3. 3.12(13:02)",,"完了","済"," 3. 3.13(18:07)","正常","正常","有",,,"－","胤森　和樹"
"539","15180","875","煌工業","12","消費税課税事業者届出書","税務署"," 3. 3.12(11:35)",,"完了","済"," 3. 3.13(18:07)","正常","正常","有",,,"－","越智　俊仁"
"540","15180","957","イタリア料理　Ｌｉｏｃｏｒｎｏ","12","消費税の納税義務者でなくなった旨の届出書","税務署"," 3. 3.12(12:56)",,"完了","済"," 3. 3.13(18:07)","正常","正常",,,,"－","西村　麻実"
"541","15180","769","ワンコインカット","12","消費税の納税義務者でなくなった旨の届出書","税務署"," 3. 3.12(13:04)",,"完了","済"," 3. 3.13(18:07)","正常","正常",,,,"－","佐々木　博也"
"542","15180","563","奥本電位療法研究所","12","青色事業専従者給与に関する届出・変更届出書","税務署"," 3. 3. 9(15:56)",,"完了","済"," 3. 3.13(18:06)","正常","正常","有",,,"－","高橋　健吉"
"543","15180","313","花藤モータース","12","消費税課税事業者届出書","税務署"," 3. 3. 1(13:35)",,"完了","済"," 3. 3.13(18:06)","正常","正常","有",,,"－","佐々木　渉"
"544","15180","436","Ｂａｒ　ｄｅ　Ｅｓｐａｎａ　スペイン居酒屋　ＡＮＩＭＯ","12","消費税の納税義務者でなくなった旨の届出書","税務署"," 3. 3. 4(17:27)",,"完了","済"," 3. 3.12(14:15)","正常","正常",," 3. 3. 4",,"－","菊池　未紗"
"545","5121","770","菅野　はやか",,"消費税の納税義務者でなくなった旨の届出書","税務署"," 3. 3. 1(10:29)",,"完了","済"," 3. 3.12(13:46)","正常","正常",,,,"－","濱田　佳祐"
"546","15180","036","和電設","12","所得税の青色申告承認申請書","税務署"," 3. 2.24(13:45)",,"完了","済"," 3. 3.12(13:46)","正常","正常",,,,"－","飛垣内　恵美子"
"547","15180","036","和電設","12","源泉所得税の納期の特例の承認に関する申請書","税務署"," 3. 2.25(13:15)",,"完了","済"," 3. 3.12(13:46)","正常","正常",,,,"－","飛垣内　恵美子"
"548","15180","036","和電設","12","青色事業専従者給与に関する届出・変更届出書","税務署"," 3. 2.24(13:45)",,"完了","済"," 3. 3.12(13:46)","正常","正常","有",,,"－","飛垣内　恵美子"
"549","15180","036","和電設","12","給与支払事務所等の開設・移転・廃止届出書","税務署"," 3. 2.25(13:15)",,"完了","済"," 3. 3.12(13:46)","正常","正常",,,,"－","飛垣内　恵美子"
"550","15180","925","師商","12","所得税の青色申告承認申請書","税務署"," 3. 2.13(17:20)",,"完了","済"," 3. 3.12(13:46)","正常","正常",,,,"－","菊池　未紗"
"551","99999","485","すし居酒屋　海童","12","消費税の納税義務者でなくなった旨の届出書","税務署"," 3. 3. 5(14:04)",,"完了","済"," 3. 3.12(13:46)","正常","正常",,,,"－","大神　浩央"
"552","5121","727","株式会社　わちゃめちゃ","6","消費税の納税義務者でなくなった旨の届出書","税務署"," 3. 3. 4(19:21)",,"完了","済"," 3. 3.12(13:46)","正常","正常",,,,"－","河野　秀太"
"553","99999","395","安森　聡太朗","12","消費税簡易課税制度選択届出書","税務署"," 3. 3.12(10:23)",,"完了","済"," 3. 3.12(13:45)","正常","正常",,,,"－","安田　祥英"
"554","15180","836","福寿館","12","消費税の納税義務者でなくなった旨の届出書","税務署"," 3. 2.26(16:38)",,"完了","済"," 3. 3.12(13:45)","正常","正常",,,,"－","川口　祐汰"
"555","15180","236","ほっともっと新涯店","12","所得税の青色申告の取りやめ届出書","税務署"," 3. 3. 4(19:12)",,"完了","済"," 3. 3.12(13:45)","正常","正常",,,,"－","上畠　達也"
"556","15180","236","ほっともっと新涯店","12","事業廃止届出書（消費税）","税務署"," 3. 3. 4(11:46)",,"完了","済"," 3. 3.12(13:45)","正常","正常",,,,"－","上畠　達也"
"557","15180","236","ほっともっと新涯店","12","給与支払事務所等の開設・移転・廃止届出書","税務署"," 3. 3. 4(11:46)",,"完了","済"," 3. 3.12(13:45)","正常","正常",,,,"－","上畠　達也"
"558","15180","236","ほっともっと新涯店","12","個人事業の開業・廃業等届出書","税務署"," 3. 3. 4(11:46)",,"完了","済"," 3. 3.12(13:45)","正常","正常",,,,"－","上畠　達也"
"559","15180","974","ｍｕｓａｓｈｉｍａｒｕ　ｃａｆｅ","12","消費税の納税義務者でなくなった旨の届出書","税務署"," 3. 3. 2(16:00)",,"完了","済"," 3. 3.12(13:45)","正常","正常",,,,"－","飛垣内　恵美子"
"560","15180","843","ニシヒロベース","12","消費税の納税義務者でなくなった旨の届出書","税務署"," 3. 3. 4(13:45)",,"完了","済"," 3. 3.12(13:45)","正常","正常",,,,"－","山内　龍輝"
"561","15180","843","ニシヒロベース","12","消費税課税事業者届出書","税務署"," 3. 3. 9(11:50)",,"完了","済"," 3. 3.12(13:45)","正常","正常","有",,,"－","山内　龍輝"
"562","15180","733","木村　佳起","12","所得税の青色申告承認申請書","税務署"," 3. 3. 2(15:50)",,"完了","済"," 3. 3.12(13:45)","正常","正常",,,,"－","河野　秀太"
"563","15180","313","花藤モータース","12","消費税の納税義務者でなくなった旨の届出書","税務署"," 3. 2.26(14:17)",,"完了","済"," 3. 3.12(13:45)","正常","正常",,,,"－","佐々木　渉"
"564","15180","235","川口技装","12","消費税の納税義務者でなくなった旨の届出書","税務署"," 3. 3. 3(18:17)",,"完了","済"," 3. 3.12(13:45)","正常","正常",,,,"－","安田　祥英"
